,name,url,freq
https://www.youtube.com/channel/UClmXPfaYhXOYsNn_QUyheWQ,Ed Sheeran - Topic,https://www.youtube.com/channel/UClmXPfaYhXOYsNn_QUyheWQ,62
https://www.youtube.com/channel/UCHIqmk90GKurdVSG5cf-sFQ,Lord Huron - Topic,https://www.youtube.com/channel/UCHIqmk90GKurdVSG5cf-sFQ,27
https://www.youtube.com/channel/UCrrbm1toLPud8fFIisPuxpg,OneRepublic - Topic,https://www.youtube.com/channel/UCrrbm1toLPud8fFIisPuxpg,13
https://www.youtube.com/channel/UCREhun2tPd7aQnJczZM_Mww,One Direction - Topic,https://www.youtube.com/channel/UCREhun2tPd7aQnJczZM_Mww,96
https://www.youtube.com/channel/UCaQZn0FaMLJrImJIJqw3zvQ,Phillip Phillips - Topic,https://www.youtube.com/channel/UCaQZn0FaMLJrImJIJqw3zvQ,4
https://www.youtube.com/channel/UCxm9sS8Dd2aRthr_O3rVLJQ,Niall Horan - Topic,https://www.youtube.com/channel/UCxm9sS8Dd2aRthr_O3rVLJQ,83
https://www.youtube.com/channel/UCNAbUat5xDtp6FeBphe2V_Q,James Arthur - Topic,https://www.youtube.com/channel/UCNAbUat5xDtp6FeBphe2V_Q,3
https://www.youtube.com/channel/UCGvj8kfUV5Q6lzECIrGY19g,Justin Bieber - Topic,https://www.youtube.com/channel/UCGvj8kfUV5Q6lzECIrGY19g,18
https://www.youtube.com/channel/UCdFe4KkWwZ_twpo-UECR-Nw,Maroon 5 - Topic,https://www.youtube.com/channel/UCdFe4KkWwZ_twpo-UECR-Nw,3
https://www.youtube.com/channel/UC0cymQddFci7e31o7EIznYw,Kodaline - Topic,https://www.youtube.com/channel/UC0cymQddFci7e31o7EIznYw,12
https://www.youtube.com/channel/UCMcghb8JhNIYntWea9QKFGA,The Lumineers - Topic,https://www.youtube.com/channel/UCMcghb8JhNIYntWea9QKFGA,11
https://www.youtube.com/channel/UCiDBtu8whAdUgiJ5o1g7sQQ,James Bay - Topic,https://www.youtube.com/channel/UCiDBtu8whAdUgiJ5o1g7sQQ,3
https://www.youtube.com/channel/UCVacQ2t5GUZ2t_J3Ia9BynA,Harry Styles - Topic,https://www.youtube.com/channel/UCVacQ2t5GUZ2t_J3Ia9BynA,218
https://www.youtube.com/channel/UCIaFw5VBEK8qaW6nRpx_qnw,Coldplay - Topic,https://www.youtube.com/channel/UCIaFw5VBEK8qaW6nRpx_qnw,25
https://www.youtube.com/channel/UCWjoDY2SXJ5dvcdunWI6mjQ,Lauv - Topic,https://www.youtube.com/channel/UCWjoDY2SXJ5dvcdunWI6mjQ,36
https://www.youtube.com/channel/UCyqq-aiu3vEHuf5NhwmOJcw,Lana Del Rey - Topic,https://www.youtube.com/channel/UCyqq-aiu3vEHuf5NhwmOJcw,65
https://www.youtube.com/channel/UCklQuH51vyXV_xBhDKlJvEQ,Sasha Alex Sloan - Topic,https://www.youtube.com/channel/UCklQuH51vyXV_xBhDKlJvEQ,7
https://www.youtube.com/channel/UCikqEzbWCBRKj00F_L3EFfg,SYML - Topic,https://www.youtube.com/channel/UCikqEzbWCBRKj00F_L3EFfg,2
https://www.youtube.com/channel/UCPC0L1d253x-KuMNwa05TpA,Taylor Swift - Topic,https://www.youtube.com/channel/UCPC0L1d253x-KuMNwa05TpA,989
https://www.youtube.com/channel/UCDfnnzgPNShOXOYM9V4QIsQ,Conan Gray - Topic,https://www.youtube.com/channel/UCDfnnzgPNShOXOYM9V4QIsQ,26
https://www.youtube.com/channel/UCE5XNpliPM-SmyFEp61tL_g,Olivia Rodrigo - Topic,https://www.youtube.com/channel/UCE5XNpliPM-SmyFEp61tL_g,114
https://www.youtube.com/channel/UC5sOhxfts379lOCXaIAinyw,Sufjan Stevens - Topic,https://www.youtube.com/channel/UC5sOhxfts379lOCXaIAinyw,39
https://www.youtube.com/channel/UCA3Zs9A2IeetfGT3Omi9ivw,Hozier - Topic,https://www.youtube.com/channel/UCA3Zs9A2IeetfGT3Omi9ivw,6
https://www.youtube.com/channel/UCIMuwfTAzgZ5Dg84TmYxYkA,Cigarettes After Sex - Topic,https://www.youtube.com/channel/UCIMuwfTAzgZ5Dg84TmYxYkA,24
https://www.youtube.com/channel/UCZukHZtjqY72iSEgkBF1QYA,Stephen Sanchez - Topic,https://www.youtube.com/channel/UCZukHZtjqY72iSEgkBF1QYA,36
https://www.youtube.com/channel/UCGjbexoF9La7TxGeFP64m8A,St. Vincent - Topic,https://www.youtube.com/channel/UCGjbexoF9La7TxGeFP64m8A,1
https://www.youtube.com/channel/UCERrDZ8oN0U_n9MphMKERcg,Billie Eilish - Topic,https://www.youtube.com/channel/UCERrDZ8oN0U_n9MphMKERcg,63
https://www.youtube.com/channel/UC1rutLZjmnPqrpx9dHH_BWg,Edith Whiskers - Topic,https://www.youtube.com/channel/UC1rutLZjmnPqrpx9dHH_BWg,2
https://www.youtube.com/channel/UCO_sphdxl8_K6mfXzzmkDGQ,Prateek Kuhad - Topic,https://www.youtube.com/channel/UCO_sphdxl8_K6mfXzzmkDGQ,131
https://www.youtube.com/channel/UCc8dIcu6C_9TcVoM--vYxYQ,Passenger - Topic,https://www.youtube.com/channel/UCc8dIcu6C_9TcVoM--vYxYQ,6
https://www.youtube.com/channel/UCprIJgC2-qqSHNVztFjRFmw,Phoebe Bridgers - Topic,https://www.youtube.com/channel/UCprIJgC2-qqSHNVztFjRFmw,53
https://www.youtube.com/channel/UCFQQ0ljEIel6urDI8eELFuQ,Tropical Murd - Topic,https://www.youtube.com/channel/UCFQQ0ljEIel6urDI8eELFuQ,1
https://www.youtube.com/channel/UCC1TOSYNYXw1xrwNRxW46dg,Lizzy McAlpine - Topic,https://www.youtube.com/channel/UCC1TOSYNYXw1xrwNRxW46dg,39
https://www.youtube.com/channel/UCi8cblgb3PyU8HzGvXWhuEg,Mazzy Star - Topic,https://www.youtube.com/channel/UCi8cblgb3PyU8HzGvXWhuEg,1
https://www.youtube.com/channel/UCQn8h2MBvtbQUvdYBik5dPQ,Chord Overstreet - Topic,https://www.youtube.com/channel/UCQn8h2MBvtbQUvdYBik5dPQ,1
https://www.youtube.com/channel/UCILoG0-vdgLDnrwtRuM_0GQ,Lorde - Topic,https://www.youtube.com/channel/UCILoG0-vdgLDnrwtRuM_0GQ,15
https://www.youtube.com/channel/UCNrTdctAV0JMT7RBQvpA5lw,The 1975 - Topic,https://www.youtube.com/channel/UCNrTdctAV0JMT7RBQvpA5lw,88
https://www.youtube.com/channel/UCv4W7oFg_kWGldChEpqs3rA,Tom Rosenthal - Topic,https://www.youtube.com/channel/UCv4W7oFg_kWGldChEpqs3rA,2
https://www.youtube.com/channel/UC-bE9kenHs2wN-p96ESCFIg,Julia Michaels - Topic,https://www.youtube.com/channel/UC-bE9kenHs2wN-p96ESCFIg,6
https://www.youtube.com/channel/UCmNtyqQl03eWyvikCMbO3fA,girl in red - Topic,https://www.youtube.com/channel/UCmNtyqQl03eWyvikCMbO3fA,20
https://www.youtube.com/channel/UCPkh5Z0tfpPpNFi5qybgG_w,LANY - Topic,https://www.youtube.com/channel/UCPkh5Z0tfpPpNFi5qybgG_w,2
https://www.youtube.com/channel/UC8Yu1_yfN5qPh601Y4btsYw,Arctic Monkeys - Topic,https://www.youtube.com/channel/UC8Yu1_yfN5qPh601Y4btsYw,13
https://www.youtube.com/channel/UC1cnYMXqKdazz-gDPKaDFyg,The Neighbourhood - Topic,https://www.youtube.com/channel/UC1cnYMXqKdazz-gDPKaDFyg,6
https://www.youtube.com/channel/UCDXTJp6GlR2jDTy_M09ym3Q,IV of Spades - Topic,https://www.youtube.com/channel/UCDXTJp6GlR2jDTy_M09ym3Q,1
https://www.youtube.com/channel/UCpe3TthvXb8kmRiFbkeDGCQ,Louis Tomlinson - Topic,https://www.youtube.com/channel/UCpe3TthvXb8kmRiFbkeDGCQ,127
https://www.youtube.com/channel/UClYV6hHlupm_S_ObS1W-DYw,The Weeknd - Topic,https://www.youtube.com/channel/UClYV6hHlupm_S_ObS1W-DYw,8
https://www.youtube.com/channel/UCeB_aiCJ16jp1XaSM6OARwA,The Ivy - Topic,https://www.youtube.com/channel/UCeB_aiCJ16jp1XaSM6OARwA,2
https://www.youtube.com/channel/UCxE5jEls-T0QtlTHT8lI1lw,OliviaRodrigoVEVO,https://www.youtube.com/channel/UCxE5jEls-T0QtlTHT8lI1lw,3
https://www.youtube.com/channel/UCFSo2Cozzp0TMWcYaDwWcoA,Zaeden - Topic,https://www.youtube.com/channel/UCFSo2Cozzp0TMWcYaDwWcoA,23
https://www.youtube.com/channel/UC19pnd-F7tw6vDhkmEiAkgA,Amit Trivedi - Topic,https://www.youtube.com/channel/UC19pnd-F7tw6vDhkmEiAkgA,79
https://www.youtube.com/channel/UCSu82recO6iabPJZWBIZC4A,Genevieve Stokes - Topic,https://www.youtube.com/channel/UCSu82recO6iabPJZWBIZC4A,2
https://www.youtube.com/channel/UCIGTpwaV5Vu70z0D0WYwvMg,Daisy Jones & The Six - Topic,https://www.youtube.com/channel/UCIGTpwaV5Vu70z0D0WYwvMg,50
https://www.youtube.com/channel/UCsgkiD7hBojRCSfardAqndQ,Salman Elahi - Topic,https://www.youtube.com/channel/UCsgkiD7hBojRCSfardAqndQ,10
https://www.youtube.com/channel/UCD-0qTYqRd4t9re9AwRydnQ,Enrique Iglesias - Topic,https://www.youtube.com/channel/UCD-0qTYqRd4t9re9AwRydnQ,2
https://www.youtube.com/channel/UCo36OSM_dp0KynQ02zibnsQ,Anuv Jain - Topic,https://www.youtube.com/channel/UCo36OSM_dp0KynQ02zibnsQ,49
https://www.youtube.com/channel/UCE7sUcABs8IoNPJqKmXzEuQ,Zariya - Topic,https://www.youtube.com/channel/UCE7sUcABs8IoNPJqKmXzEuQ,1
https://www.youtube.com/channel/UCCTN01plFzn4npREHKT2_9Q,Pritam - Topic,https://www.youtube.com/channel/UCCTN01plFzn4npREHKT2_9Q,40
https://www.youtube.com/channel/UCCj0RlDqqahEB5BXVtDcPqg,5 Seconds of Summer - Topic,https://www.youtube.com/channel/UCCj0RlDqqahEB5BXVtDcPqg,105
https://www.youtube.com/channel/UCwppdrjsBPAZg5_cUwQjfMQ,Charlie Puth,https://www.youtube.com/channel/UCwppdrjsBPAZg5_cUwQjfMQ,4
https://www.youtube.com/channel/UCN1hnUccO4FD5WfM7ithXaw,Maroon5VEVO,https://www.youtube.com/channel/UCN1hnUccO4FD5WfM7ithXaw,1
https://www.youtube.com/channel/UCDGmojLIoWpXok597xYo8cg,BillieEilishVEVO,https://www.youtube.com/channel/UCDGmojLIoWpXok597xYo8cg,4
https://www.youtube.com/channel/UCiGm_E4ZwYSHV3bcW1pnSeQ,Billie Eilish,https://www.youtube.com/channel/UCiGm_E4ZwYSHV3bcW1pnSeQ,2
https://www.youtube.com/channel/UCHkj014U2CQ2Nv0UZeYpE_A,JustinBieberVEVO,https://www.youtube.com/channel/UCHkj014U2CQ2Nv0UZeYpE_A,4
https://www.youtube.com/channel/UCqrBKQHQVEvD2Q9FP0DCP2g,benny blanco,https://www.youtube.com/channel/UCqrBKQHQVEvD2Q9FP0DCP2g,1
https://www.youtube.com/channel/UCcN-NDV03eHs6oLd1pe2r8w,KhalidVEVO,https://www.youtube.com/channel/UCcN-NDV03eHs6oLd1pe2r8w,1
https://www.youtube.com/channel/UC0VOyT2OCBKdQhF3BAbZ-1g,ArianaGrandeVevo,https://www.youtube.com/channel/UC0VOyT2OCBKdQhF3BAbZ-1g,1
https://www.youtube.com/channel/UCjK8ORC71kwyj1DWFwril_A,SelenaGomezVEVO,https://www.youtube.com/channel/UCjK8ORC71kwyj1DWFwril_A,2
https://www.youtube.com/channel/UCBL7ZxVX4GvW4CFiES_-0YA,Anne-Marie,https://www.youtube.com/channel/UCBL7ZxVX4GvW4CFiES_-0YA,1
https://www.youtube.com/channel/UCfLdIEPs1tYj4ieEdJnyNyw,Lauv,https://www.youtube.com/channel/UCfLdIEPs1tYj4ieEdJnyNyw,1
https://www.youtube.com/channel/UCQgUHOPJJrmzCjExg-ISupA,The Chainsmokers - Topic,https://www.youtube.com/channel/UCQgUHOPJJrmzCjExg-ISupA,52
https://www.youtube.com/channel/UCIpo9tfpIGXMzNQcZVWoXVw,Robin Schulz - Topic,https://www.youtube.com/channel/UCIpo9tfpIGXMzNQcZVWoXVw,2
https://www.youtube.com/channel/UCg7YXGu1PBTVGowFq2fEBHg,Ali Zafar - Topic,https://www.youtube.com/channel/UCg7YXGu1PBTVGowFq2fEBHg,24
https://www.youtube.com/channel/UCe223VU7Yb2pRFxMpHUdCvA,Vishal Dadlani - Topic,https://www.youtube.com/channel/UCe223VU7Yb2pRFxMpHUdCvA,27
https://www.youtube.com/channel/UCLEO1vIrNARN4bvojv8d5gA,Ritviz - Topic,https://www.youtube.com/channel/UCLEO1vIrNARN4bvojv8d5gA,24
https://www.youtube.com/channel/UCWia3DxFiwdXJ5GDBTaXo4A,Nucleya - Topic,https://www.youtube.com/channel/UCWia3DxFiwdXJ5GDBTaXo4A,2
https://www.youtube.com/channel/UCMP_D7BDZ5Ni4Gf6L72wW3g,Antara Mitra - Topic,https://www.youtube.com/channel/UCMP_D7BDZ5Ni4Gf6L72wW3g,2
https://www.youtube.com/channel/UCPOIyclgp3tkEk_MdkT9bjQ,Alyssa Mendonsa - Topic,https://www.youtube.com/channel/UCPOIyclgp3tkEk_MdkT9bjQ,11
https://www.youtube.com/channel/UCtJe0RYzgPddQXKtWduxz_w,A.R. Rahman - Topic,https://www.youtube.com/channel/UCtJe0RYzgPddQXKtWduxz_w,25
https://www.youtube.com/channel/UCR0-gcySjh6yLKGR4N2lbSQ,The Yellow Diary - Topic,https://www.youtube.com/channel/UCR0-gcySjh6yLKGR4N2lbSQ,14
https://www.youtube.com/channel/UCXQ1CRi8ytBkk5Orwe5mslw,Various Artists - Topic,https://www.youtube.com/channel/UCXQ1CRi8ytBkk5Orwe5mslw,6
https://www.youtube.com/channel/UCHxwQajTiv8div1Fe-yvWpA,Mithoon - Topic,https://www.youtube.com/channel/UCHxwQajTiv8div1Fe-yvWpA,2
https://www.youtube.com/channel/UCWXJyrk1diAufFuTHCTfQ2A,Vishal - Shekhar - Topic,https://www.youtube.com/channel/UCWXJyrk1diAufFuTHCTfQ2A,24
https://www.youtube.com/channel/UCNeP2HGGg3xquVicp-lUbsg,Kailash Kher - Topic,https://www.youtube.com/channel/UCNeP2HGGg3xquVicp-lUbsg,10
https://www.youtube.com/channel/UCBWAbin_Md4mBwyWTZF3Tsw,Kamal Khan - Topic,https://www.youtube.com/channel/UCBWAbin_Md4mBwyWTZF3Tsw,1
https://www.youtube.com/channel/UC6GVOwH-1pughw5WYmjAolg,Rahat Fateh Ali Khan - Topic,https://www.youtube.com/channel/UC6GVOwH-1pughw5WYmjAolg,6
https://www.youtube.com/channel/UCDxKh1gFWeYsqePvgVzmPoQ,Arijit Singh - Topic,https://www.youtube.com/channel/UCDxKh1gFWeYsqePvgVzmPoQ,101
https://www.youtube.com/channel/UCfNnEx9cokcGGaRmAmdu9Kw,Roop Kumar Rathod - Topic,https://www.youtube.com/channel/UCfNnEx9cokcGGaRmAmdu9Kw,7
https://www.youtube.com/channel/UCD1yqtH3tB9pstyoJFpHl_w,Shankar–Ehsaan–Loy - Topic,https://www.youtube.com/channel/UCD1yqtH3tB9pstyoJFpHl_w,26
https://www.youtube.com/channel/UCeBxx7m7yrwSyvpVpKcMI8w,KK - Topic,https://www.youtube.com/channel/UCeBxx7m7yrwSyvpVpKcMI8w,40
https://www.youtube.com/channel/UCVGomUS__PL0c4jDXa0QwXA,Atif Aslam - Topic,https://www.youtube.com/channel/UCVGomUS__PL0c4jDXa0QwXA,32
https://www.youtube.com/channel/UCydVTh4ercNX9cKyYFhuxMw,Ajay-Atul - Topic,https://www.youtube.com/channel/UCydVTh4ercNX9cKyYFhuxMw,2
https://www.youtube.com/channel/UCrC-7fsdTCYeaRBpwA6j-Eg,Shreya Ghoshal - Topic,https://www.youtube.com/channel/UCrC-7fsdTCYeaRBpwA6j-Eg,9
https://www.youtube.com/channel/UCDuVF_nBrVBytI_QUzCiKNQ,Lucky Ali - Topic,https://www.youtube.com/channel/UCDuVF_nBrVBytI_QUzCiKNQ,15
https://www.youtube.com/channel/UCy44DO9T4z3P2eHOYCY-JWg,Javed - Mohsin - Topic,https://www.youtube.com/channel/UCy44DO9T4z3P2eHOYCY-JWg,1
https://www.youtube.com/channel/UC3xhOiFwndOYc57JV1iHCuw,Ankit Tiwari - Topic,https://www.youtube.com/channel/UC3xhOiFwndOYc57JV1iHCuw,1
https://www.youtube.com/channel/UCcuXjaACiyViK8QTuztjR6A,Sachin-Jigar - Topic,https://www.youtube.com/channel/UCcuXjaACiyViK8QTuztjR6A,4
https://www.youtube.com/channel/UCzQssvzFfAcd7NsdC8no9Xw,Mohammed Irfan - Topic,https://www.youtube.com/channel/UCzQssvzFfAcd7NsdC8no9Xw,1
https://www.youtube.com/channel/UCPexK6Vq8vDGf_ldYFFbnIg,Mohit Chauhan - Topic,https://www.youtube.com/channel/UCPexK6Vq8vDGf_ldYFFbnIg,40
https://www.youtube.com/channel/UCptBkLZ6XRxoyn8SkUMc_Iw,Alka Yagnik - Topic,https://www.youtube.com/channel/UCptBkLZ6XRxoyn8SkUMc_Iw,2
https://www.youtube.com/channel/UCagAoojCefJMq6xE6BSeoTQ,Loy Mendonsa - Topic,https://www.youtube.com/channel/UCagAoojCefJMq6xE6BSeoTQ,15
https://www.youtube.com/channel/UC9sPMhzAbJc6ahgwkDaRmWw,Abhay Jodhpurkar - Topic,https://www.youtube.com/channel/UC9sPMhzAbJc6ahgwkDaRmWw,1
https://www.youtube.com/channel/UCz087dh7lLqMBb0CipRYNjA,Chinmayi - Topic,https://www.youtube.com/channel/UCz087dh7lLqMBb0CipRYNjA,5
https://www.youtube.com/channel/UCOI6W_N9wKY-k1e65keLTig,Javed Bashir - Topic,https://www.youtube.com/channel/UCOI6W_N9wKY-k1e65keLTig,1
https://www.youtube.com/channel/UChIIXo4FwIENfpKqkVIS2qw,Vasundhara Das - Topic,https://www.youtube.com/channel/UChIIXo4FwIENfpKqkVIS2qw,3
https://www.youtube.com/channel/UCj9NzNzpmBCaNSYbYayFyow,Falak Shabir - Topic,https://www.youtube.com/channel/UCj9NzNzpmBCaNSYbYayFyow,13
https://www.youtube.com/channel/UCZc_y0R_mSKeNtkcuhgLxCA,Armaan Malik - Topic,https://www.youtube.com/channel/UCZc_y0R_mSKeNtkcuhgLxCA,4
https://www.youtube.com/channel/UCWkKRb2w41maMLGIMK-FpLQ,Nikhil D'Souza - Topic,https://www.youtube.com/channel/UCWkKRb2w41maMLGIMK-FpLQ,10
https://www.youtube.com/channel/UCNMewQFJlBeyXpWwo2dezSw,Darshan Raval - Topic,https://www.youtube.com/channel/UCNMewQFJlBeyXpWwo2dezSw,13
https://www.youtube.com/channel/UCCZvvWHuIKEH6J-2TvEmBOw,Raktim Chowdhury - Topic,https://www.youtube.com/channel/UCCZvvWHuIKEH6J-2TvEmBOw,1
https://www.youtube.com/channel/UCwKiqLzmMtS2Uuq99IQevkQ,Faridkot - Topic,https://www.youtube.com/channel/UCwKiqLzmMtS2Uuq99IQevkQ,1
https://www.youtube.com/channel/UCQd9dydn5gaib_uuVVkYZTQ,Kumar Sanu - Topic,https://www.youtube.com/channel/UCQd9dydn5gaib_uuVVkYZTQ,1
https://www.youtube.com/channel/UCqi8wo4jjf6xWEHJhHzRs0A,Dikshant - Topic,https://www.youtube.com/channel/UCqi8wo4jjf6xWEHJhHzRs0A,11
https://www.youtube.com/channel/UCk4vGGryYSsbzlZ_WKJWH4A,Neeti Mohan - Topic,https://www.youtube.com/channel/UCk4vGGryYSsbzlZ_WKJWH4A,3
https://www.youtube.com/channel/UCSVbVFy5yqkfwbqs_aWmx8w,OAFF - Topic,https://www.youtube.com/channel/UCSVbVFy5yqkfwbqs_aWmx8w,9
https://www.youtube.com/channel/UCZGYaSi1FXUP-4WKTRsqDPQ,Asim Azhar - Topic,https://www.youtube.com/channel/UCZGYaSi1FXUP-4WKTRsqDPQ,1
https://www.youtube.com/channel/UC00SotJE71x-1F3ia2T3cvA,Jeet Gannguli - Topic,https://www.youtube.com/channel/UC00SotJE71x-1F3ia2T3cvA,2
https://www.youtube.com/channel/UCG9GwLnakwT-HcXUfKmnzSQ,Jawad Ahmad - Topic,https://www.youtube.com/channel/UCG9GwLnakwT-HcXUfKmnzSQ,1
https://www.youtube.com/channel/UCSYa5_xCD-0iSwqeHjwx5Sw,Akhil - Topic,https://www.youtube.com/channel/UCSYa5_xCD-0iSwqeHjwx5Sw,8
https://www.youtube.com/channel/UCwVaZvqWinr1NWZopxGjRQQ,Sachet Tandon - Topic,https://www.youtube.com/channel/UCwVaZvqWinr1NWZopxGjRQQ,4
https://www.youtube.com/channel/UCdWuR07og626xwU93eSCh9A,Jubin Nautiyal - Topic,https://www.youtube.com/channel/UCdWuR07og626xwU93eSCh9A,9
https://www.youtube.com/channel/UCiK_6d08ozGLoH4APLcH4NA,Rashid Ali - Topic,https://www.youtube.com/channel/UCiK_6d08ozGLoH4APLcH4NA,8
https://www.youtube.com/channel/UC25UGbOHCuT5Jht2ItRXTqQ,Vishal Mishra - Topic,https://www.youtube.com/channel/UC25UGbOHCuT5Jht2ItRXTqQ,5
https://www.youtube.com/channel/UCsC4u-BJAd4OX1hJXtwXSOQ,Sonu Nigam - Topic,https://www.youtube.com/channel/UCsC4u-BJAd4OX1hJXtwXSOQ,9
https://www.youtube.com/channel/UCjwhUUHmfLvjBgp1lOw-9Vg,Shae Gill - Topic,https://www.youtube.com/channel/UCjwhUUHmfLvjBgp1lOw-9Vg,4
https://www.youtube.com/channel/UCuU3GMf9Bj3VAjHps_rhfGw,Ayushmann Khurrana - Topic,https://www.youtube.com/channel/UCuU3GMf9Bj3VAjHps_rhfGw,11
https://www.youtube.com/channel/UCi3ls3_vjzNpk4FltIsyjZw,Various Artists - Topic,https://www.youtube.com/channel/UCi3ls3_vjzNpk4FltIsyjZw,1
https://www.youtube.com/channel/UCq-Fj5jknLsUf-MWSy4_brA,T-Series,https://www.youtube.com/channel/UCq-Fj5jknLsUf-MWSy4_brA,10
https://www.youtube.com/channel/UCe1Ej4Lo5Fdd76Q5Yjl6Ekw,Tochi Raina - Topic,https://www.youtube.com/channel/UCe1Ej4Lo5Fdd76Q5Yjl6Ekw,10
https://www.youtube.com/channel/UCu4DT36ncDBhuBo1w_vZsFg,Ashe - Topic,https://www.youtube.com/channel/UCu4DT36ncDBhuBo1w_vZsFg,7
https://www.youtube.com/channel/UCrbZcTv3iAHqMHWGbk0IYFA,FINNEAS - Topic,https://www.youtube.com/channel/UCrbZcTv3iAHqMHWGbk0IYFA,2
https://www.youtube.com/channel/UC11RplprGRVVtT2tgtcYzWg,Troye Sivan - Topic,https://www.youtube.com/channel/UC11RplprGRVVtT2tgtcYzWg,9
https://www.youtube.com/channel/UC87QNTF9qgTwe8KKN1V8NGw,Kacey Musgraves - Topic,https://www.youtube.com/channel/UC87QNTF9qgTwe8KKN1V8NGw,5
https://www.youtube.com/channel/UCw-0GSqznYHfyfDBBe6a46A,Gracie Abrams - Topic,https://www.youtube.com/channel/UCw-0GSqznYHfyfDBBe6a46A,39
https://www.youtube.com/channel/UCrxpwXq8wCTskOQq5d_KoqQ,Marshmello - Topic,https://www.youtube.com/channel/UCrxpwXq8wCTskOQq5d_KoqQ,3
https://www.youtube.com/channel/UC4FxRR1ZZcap_CY6fTQUU3g,Jeremy Zucker - Topic,https://www.youtube.com/channel/UC4FxRR1ZZcap_CY6fTQUU3g,1
https://www.youtube.com/channel/UCnX0L9QiftAcWdzeBx31xCw,Twenty One Pilots - Topic,https://www.youtube.com/channel/UCnX0L9QiftAcWdzeBx31xCw,10
https://www.youtube.com/channel/UCLCw1s3owAIZNSbFECSThjg,Sabrina Claudio - Topic,https://www.youtube.com/channel/UCLCw1s3owAIZNSbFECSThjg,2
https://www.youtube.com/channel/UCRr1xG_2WIDs18a6cIiCxeA,Daft Punk - Topic,https://www.youtube.com/channel/UCRr1xG_2WIDs18a6cIiCxeA,1
https://www.youtube.com/channel/UCvWtix2TtWGe9kffqnwdaMw,Rihanna - Topic,https://www.youtube.com/channel/UCvWtix2TtWGe9kffqnwdaMw,1
https://www.youtube.com/channel/UC0aXrjVxG5pZr99v77wZdPQ,Imagine Dragons - Topic,https://www.youtube.com/channel/UC0aXrjVxG5pZr99v77wZdPQ,2
https://www.youtube.com/channel/UC6ZjlLJhqP79nqGr3Ic6Adg,Shawn Mendes - Topic,https://www.youtube.com/channel/UC6ZjlLJhqP79nqGr3Ic6Adg,20
https://www.youtube.com/channel/UCBNeAoPycNhoRuS01B9Kf5g,Hailee Steinfeld - Topic,https://www.youtube.com/channel/UCBNeAoPycNhoRuS01B9Kf5g,7
https://www.youtube.com/channel/UCz51ZodJbYUNfkdPHOjJKKw,Sabrina Carpenter - Topic,https://www.youtube.com/channel/UCz51ZodJbYUNfkdPHOjJKKw,42
https://www.youtube.com/channel/UCC9y-CI1iKVs-1uRciN8sgQ,Jack & Jack - Topic,https://www.youtube.com/channel/UCC9y-CI1iKVs-1uRciN8sgQ,1
https://www.youtube.com/channel/UCfgSeCykg_MbITRoaF6rcFQ,AJ Mitchell - Topic,https://www.youtube.com/channel/UCfgSeCykg_MbITRoaF6rcFQ,1
https://www.youtube.com/channel/UCB-GmTOjewVU2F_7S4ZFmEA,Zara Larsson - Topic,https://www.youtube.com/channel/UCB-GmTOjewVU2F_7S4ZFmEA,1
https://www.youtube.com/channel/UCYR9erHSNBPjjNswR4FrMaw,ZAYN - Topic,https://www.youtube.com/channel/UCYR9erHSNBPjjNswR4FrMaw,8
https://www.youtube.com/channel/UCnfeNQJ7TgUCPCBD0q5Zh-Q,Khalid - Topic,https://www.youtube.com/channel/UCnfeNQJ7TgUCPCBD0q5Zh-Q,1
https://www.youtube.com/channel/UC0076UMUgEng8HORUw_MYHA,Ariana Grande - Topic,https://www.youtube.com/channel/UC0076UMUgEng8HORUw_MYHA,31
https://www.youtube.com/channel/UCuubAXN9AYgtcmSrD0frggQ,ABBA - Topic,https://www.youtube.com/channel/UCuubAXN9AYgtcmSrD0frggQ,2
https://www.youtube.com/channel/UCYmvPAsrpxCHX-FAMU6G6ow,Viviane Chaix - Topic,https://www.youtube.com/channel/UCYmvPAsrpxCHX-FAMU6G6ow,1
https://www.youtube.com/channel/UCGPCYz1FTl_dvFFnzQTQzjw,Yo Yo Honey Singh - Topic,https://www.youtube.com/channel/UCGPCYz1FTl_dvFFnzQTQzjw,8
https://www.youtube.com/channel/UC2ceGDkMiX_apj3yBciUTsA,King - Topic,https://www.youtube.com/channel/UC2ceGDkMiX_apj3yBciUTsA,5
https://www.youtube.com/channel/UCHs7Cteh0W1sl9qsLNQ3ABA,Mohan Kanan - Topic,https://www.youtube.com/channel/UCHs7Cteh0W1sl9qsLNQ3ABA,12
https://www.youtube.com/channel/UCfMelS8PmfNmL_PsuUS6RFQ,Benny Dayal - Topic,https://www.youtube.com/channel/UCfMelS8PmfNmL_PsuUS6RFQ,7
https://www.youtube.com/channel/UCYn3oeyYbbHkm5j3Z6Jx5qA,Suraj Jagan - Topic,https://www.youtube.com/channel/UCYn3oeyYbbHkm5j3Z6Jx5qA,1
https://www.youtube.com/channel/UCqefmgtPwFWMi1V1f-dJ9vQ,Shaan - Topic,https://www.youtube.com/channel/UCqefmgtPwFWMi1V1f-dJ9vQ,6
https://www.youtube.com/channel/UCX4g5pMVYlYN9K6D8n6HmGg,Shankar Mahadevan - Topic,https://www.youtube.com/channel/UCX4g5pMVYlYN9K6D8n6HmGg,8
https://www.youtube.com/channel/UCU_AsfgtKjwR4qaSwgsWn-w,infobells,https://www.youtube.com/channel/UCU_AsfgtKjwR4qaSwgsWn-w,1
https://www.youtube.com/channel/UCANLZYMidaCbLQFWXBC95Jg,TaylorSwiftVEVO,https://www.youtube.com/channel/UCANLZYMidaCbLQFWXBC95Jg,3
https://www.youtube.com/channel/UCcCMlnsPEBCBIHQxI_NJEYg,Andy Grammer - Topic,https://www.youtube.com/channel/UCcCMlnsPEBCBIHQxI_NJEYg,3
https://www.youtube.com/channel/UC7UyV-X-W_dfG8WvBL-IwKg,Why Don't We - Topic,https://www.youtube.com/channel/UC7UyV-X-W_dfG8WvBL-IwKg,4
https://www.youtube.com/channel/UCyFLp2WBpLae_p0j73_lGLA,Alesso - Topic,https://www.youtube.com/channel/UCyFLp2WBpLae_p0j73_lGLA,2
https://www.youtube.com/channel/UCxnxwoKn8rbiNMb9PwBdmHQ,Aly & AJ - Topic,https://www.youtube.com/channel/UCxnxwoKn8rbiNMb9PwBdmHQ,2
https://www.youtube.com/channel/UCYEqgggcHfDM08oUOAY0dFA,Nightly - Topic,https://www.youtube.com/channel/UCYEqgggcHfDM08oUOAY0dFA,2
https://www.youtube.com/channel/UCGKXb1syicud01CJOOFRykg,Lady Gaga - Topic,https://www.youtube.com/channel/UCGKXb1syicud01CJOOFRykg,5
https://www.youtube.com/channel/UCeBYRgPhy8kcRmIGQWKuqdQ,Selena Gomez - Topic,https://www.youtube.com/channel/UCeBYRgPhy8kcRmIGQWKuqdQ,47
https://www.youtube.com/channel/UCzVb0SIXp9q9PeKCcFjsBtA,Dua Lipa - Topic,https://www.youtube.com/channel/UCzVb0SIXp9q9PeKCcFjsBtA,21
https://www.youtube.com/channel/UC_7s69e1mDS3lgcTMJEPjCg,Katy Perry - Topic,https://www.youtube.com/channel/UC_7s69e1mDS3lgcTMJEPjCg,13
https://www.youtube.com/channel/UCZSxBlUEOKgXkzaj_VlBLlg,Ellie Goulding - Topic,https://www.youtube.com/channel/UCZSxBlUEOKgXkzaj_VlBLlg,8
https://www.youtube.com/channel/UCruAKiLxm46B5AJu7axgaiA,Kavita Seth - Topic,https://www.youtube.com/channel/UCruAKiLxm46B5AJu7axgaiA,6
https://www.youtube.com/channel/UCxenoqmzzzVeZrHA8ME2DlA,Adnan Sami - Topic,https://www.youtube.com/channel/UCxenoqmzzzVeZrHA8ME2DlA,4
https://www.youtube.com/channel/UCqZPj1DJS1JV2_SPEUjARxg,Sheku Kanneh-Mason - Topic,https://www.youtube.com/channel/UCqZPj1DJS1JV2_SPEUjARxg,1
https://www.youtube.com/channel/UC_8wTzrvgoP6PQM96kz0bcw,Anne-Sophie Mutter - Topic,https://www.youtube.com/channel/UC_8wTzrvgoP6PQM96kz0bcw,1
https://www.youtube.com/channel/UCS230lsyEBVrTBaljR5D-Pw,Anurag Saikia - Topic,https://www.youtube.com/channel/UCS230lsyEBVrTBaljR5D-Pw,2
https://www.youtube.com/channel/UC8TXnDE17HVa8j2Ko6glyAQ,When Chai Met Toast - Topic,https://www.youtube.com/channel/UC8TXnDE17HVa8j2Ko6glyAQ,26
https://www.youtube.com/channel/UCPgPdd27BUuBdXf3-86qhEw,Anu Malik - Topic,https://www.youtube.com/channel/UCPgPdd27BUuBdXf3-86qhEw,3
https://www.youtube.com/channel/UCbp5cZLtFE6y7XdhvJeT0Qw,Asha Bhosle - Topic,https://www.youtube.com/channel/UCbp5cZLtFE6y7XdhvJeT0Qw,2
https://www.youtube.com/channel/UCZHBppF8LovGXmmmcH52Xag,Kunal Ganjawala - Topic,https://www.youtube.com/channel/UCZHBppF8LovGXmmmcH52Xag,2
https://www.youtube.com/channel/UCRWV7T1N1UFFYsiiEAoUbFw,Akon - Topic,https://www.youtube.com/channel/UCRWV7T1N1UFFYsiiEAoUbFw,3
https://www.youtube.com/channel/UCE1QxoxbAnVYZfla-fvid6g,Tarun Sagar - Topic,https://www.youtube.com/channel/UCE1QxoxbAnVYZfla-fvid6g,3
https://www.youtube.com/channel/UC40NxtlPa4IHmawzLU0edRQ,Jacquees - Topic,https://www.youtube.com/channel/UC40NxtlPa4IHmawzLU0edRQ,1
https://www.youtube.com/channel/UCoPQ_TWm8JZ5nJv4a5BzSWA,Beyoncé - Topic,https://www.youtube.com/channel/UCoPQ_TWm8JZ5nJv4a5BzSWA,2
https://www.youtube.com/channel/UCZ0Aezmtk-S2l8A9Ln-2lKw,Calvin Harris - Topic,https://www.youtube.com/channel/UCZ0Aezmtk-S2l8A9Ln-2lKw,5
https://www.youtube.com/channel/UCM086fg88OhGvyzezmfRmLA,Normani - Topic,https://www.youtube.com/channel/UCM086fg88OhGvyzezmfRmLA,2
https://www.youtube.com/channel/UC4gRgUc0nmxcSrOTDjNYIyA,Tyla Jane - Topic,https://www.youtube.com/channel/UC4gRgUc0nmxcSrOTDjNYIyA,2
https://www.youtube.com/channel/UCIWrwx1RmgvMbnugBl5pq7Q,Tove Lo - Topic,https://www.youtube.com/channel/UCIWrwx1RmgvMbnugBl5pq7Q,2
https://www.youtube.com/channel/UCwgX_dLqGYna_7Fm8ecf4Ng,Doja Cat - Topic,https://www.youtube.com/channel/UCwgX_dLqGYna_7Fm8ecf4Ng,2
https://www.youtube.com/channel/UC4rbnZsMi7Fxknp-Oz7d6fg,Ritviz & Nucleya - Topic,https://www.youtube.com/channel/UC4rbnZsMi7Fxknp-Oz7d6fg,3
https://www.youtube.com/channel/UCSHcbFxfvAPs4icCeDiCXpA,Vayu - Topic,https://www.youtube.com/channel/UCSHcbFxfvAPs4icCeDiCXpA,4
https://www.youtube.com/channel/UCYc-MVb5r_PV_3yEElIvUYw,Dominique Cerejo - Topic,https://www.youtube.com/channel/UCYc-MVb5r_PV_3yEElIvUYw,4
https://www.youtube.com/channel/UCS0udpciY_Ez3IEmM9xmCFQ,Shahid Mallya - Topic,https://www.youtube.com/channel/UCS0udpciY_Ez3IEmM9xmCFQ,3
https://www.youtube.com/channel/UCPS2hFw8vslpYfwORBuZvGA,Aditi Singh Sharma - Topic,https://www.youtube.com/channel/UCPS2hFw8vslpYfwORBuZvGA,9
https://www.youtube.com/channel/UCjK4uCLdPYnIatZFB9Nvbrg,Neeraj Shridhar - Topic,https://www.youtube.com/channel/UCjK4uCLdPYnIatZFB9Nvbrg,7
https://www.youtube.com/channel/UCQ-ygxSFSlq-O2zGnXxELXQ,Charlie Puth - Topic,https://www.youtube.com/channel/UCQ-ygxSFSlq-O2zGnXxELXQ,17
https://www.youtube.com/channel/UCM1rew0hxgW7e-TRfmrMung,JVKE - Topic,https://www.youtube.com/channel/UCM1rew0hxgW7e-TRfmrMung,2
https://www.youtube.com/channel/UCREdEwBdZcnQLIT0ThaAtmQ,Miley Cyrus - Topic,https://www.youtube.com/channel/UCREdEwBdZcnQLIT0ThaAtmQ,39
https://www.youtube.com/channel/UCKKie2hCoYk5DEtnPjKCGrA,Shane Codd - Topic,https://www.youtube.com/channel/UCKKie2hCoYk5DEtnPjKCGrA,1
https://www.youtube.com/channel/UCGMInlMqj4-JwIWAQiJ0WEg,Dynoro - Topic,https://www.youtube.com/channel/UCGMInlMqj4-JwIWAQiJ0WEg,1
https://www.youtube.com/channel/UCLi4qriP_4l29ySqx1rtuaw,Meditation Relax Club - Topic,https://www.youtube.com/channel/UCLi4qriP_4l29ySqx1rtuaw,1
https://www.youtube.com/channel/UC3BBS0-pODIeS8QGX_qtrCg,Halsey - Topic,https://www.youtube.com/channel/UC3BBS0-pODIeS8QGX_qtrCg,11
https://www.youtube.com/channel/UCdZLr2GYlZMZOQDPdH3J1Lw,Clean Bandit - Topic,https://www.youtube.com/channel/UCdZLr2GYlZMZOQDPdH3J1Lw,2
https://www.youtube.com/channel/UCqJnSdHjKtfsrHi9aI-9d3g,Martin Garrix - Topic,https://www.youtube.com/channel/UCqJnSdHjKtfsrHi9aI-9d3g,4
https://www.youtube.com/channel/UC150BpcojVsQJTYogTkKTZQ,Jonas Brothers - Topic,https://www.youtube.com/channel/UC150BpcojVsQJTYogTkKTZQ,7
https://www.youtube.com/channel/UCy6qn2oxmoXA4_gBA5Q7zPw,Rema - Topic,https://www.youtube.com/channel/UCy6qn2oxmoXA4_gBA5Q7zPw,1
https://www.youtube.com/channel/UC0VD-Sorq2XpUagaoemRAMA,Deep Sleep - Topic,https://www.youtube.com/channel/UC0VD-Sorq2XpUagaoemRAMA,1
https://www.youtube.com/channel/UCyfzggiXvfMdKlK7YdH_GIA,Nature Sounds - Topic,https://www.youtube.com/channel/UCyfzggiXvfMdKlK7YdH_GIA,1
https://www.youtube.com/channel/UCEcGHupZkoAPFXXQrC2W8rA,Liam Payne - Topic,https://www.youtube.com/channel/UCEcGHupZkoAPFXXQrC2W8rA,4
https://www.youtube.com/channel/UCwkIaAzZTxmHEO8puERPckQ,joan - Topic,https://www.youtube.com/channel/UCwkIaAzZTxmHEO8puERPckQ,1
https://www.youtube.com/channel/UCwGXlFP4Ba5do7KoxRJYgVQ,Noah Kahan - Topic,https://www.youtube.com/channel/UCwGXlFP4Ba5do7KoxRJYgVQ,106
https://www.youtube.com/channel/UC5n7e0u8aULm5NImpk1pvwQ,Matt Storm - Topic,https://www.youtube.com/channel/UC5n7e0u8aULm5NImpk1pvwQ,1
https://www.youtube.com/channel/UCt75F1_GLecO9UJFuCP27ug,BANNERS - Topic,https://www.youtube.com/channel/UCt75F1_GLecO9UJFuCP27ug,4
https://www.youtube.com/channel/UCwNoBkSn4w8l4olCKDCTplQ,Vance Joy - Topic,https://www.youtube.com/channel/UCwNoBkSn4w8l4olCKDCTplQ,9
https://www.youtube.com/channel/UCb_KlMku-n6T9x7_fkznQ4A,Neon Trees - Topic,https://www.youtube.com/channel/UCb_KlMku-n6T9x7_fkznQ4A,1
https://www.youtube.com/channel/UCxrxwFTBU3DTJ9Y5TKeW7KA,Lewis Capaldi - Topic,https://www.youtube.com/channel/UCxrxwFTBU3DTJ9Y5TKeW7KA,2
https://www.youtube.com/channel/UCLfioty2y1VetcE5pDSHcAQ,PUBLIC - Topic,https://www.youtube.com/channel/UCLfioty2y1VetcE5pDSHcAQ,3
https://www.youtube.com/channel/UCKQ-xBLhj3SkN9Wz6MwjLaA,Major Lazer - Topic,https://www.youtube.com/channel/UCKQ-xBLhj3SkN9Wz6MwjLaA,3
https://www.youtube.com/channel/UCKw92ZnXdnatnKhQ9TtYtlw,The Vamps - Topic,https://www.youtube.com/channel/UCKw92ZnXdnatnKhQ9TtYtlw,4
https://www.youtube.com/channel/UC3zDBc-LGuLP4WXe0JPn8ag,WALK THE MOON - Topic,https://www.youtube.com/channel/UC3zDBc-LGuLP4WXe0JPn8ag,3
https://www.youtube.com/channel/UC91Bvz_hS8v8FHBZU3Sb6qw,JP Saxe - Topic,https://www.youtube.com/channel/UC91Bvz_hS8v8FHBZU3Sb6qw,5
https://www.youtube.com/channel/UCqD9C6vbwx26km-3p9MxGPw,All Albums,https://www.youtube.com/channel/UCqD9C6vbwx26km-3p9MxGPw,4
https://www.youtube.com/channel/UCsKpPE7D6OHcfc2K2t5_tOw,Isaac Delusion - Topic,https://www.youtube.com/channel/UCsKpPE7D6OHcfc2K2t5_tOw,1
https://www.youtube.com/channel/UCyD3XWRK9ko-izf2nBSFitw,Post Malone - Topic,https://www.youtube.com/channel/UCyD3XWRK9ko-izf2nBSFitw,2
https://www.youtube.com/channel/UCoXUei82oXmv4HJW4of7KuA,Rosa Linn - Topic,https://www.youtube.com/channel/UCoXUei82oXmv4HJW4of7KuA,3
https://www.youtube.com/channel/UC7wYAi5loaBGEbOQz7VBF2w,John Legend - Topic,https://www.youtube.com/channel/UC7wYAi5loaBGEbOQz7VBF2w,2
https://www.youtube.com/channel/UCzqz_ksRu_WkIzmivMdIS7A,Benny Blanco - Topic,https://www.youtube.com/channel/UCzqz_ksRu_WkIzmivMdIS7A,1
https://www.youtube.com/channel/UCh-4c1ZoBPNP1C8c-7iVvUQ,David Guetta - Topic,https://www.youtube.com/channel/UCh-4c1ZoBPNP1C8c-7iVvUQ,1
https://www.youtube.com/channel/UCj65Iz7tMoRhm7SHbvPi-Mg,Chelsea Cutler - Topic,https://www.youtube.com/channel/UCj65Iz7tMoRhm7SHbvPi-Mg,3
https://www.youtube.com/channel/UC5Gcobi23ZUkjOfJ-4MQPCQ,Michael Kiwanuka - Topic,https://www.youtube.com/channel/UC5Gcobi23ZUkjOfJ-4MQPCQ,1
https://www.youtube.com/channel/UC5gsNP5JdDmo5ZxIllijbNw,Tim Atlas - Topic,https://www.youtube.com/channel/UC5gsNP5JdDmo5ZxIllijbNw,1
https://www.youtube.com/channel/UC5FYAw7pRrtyqrHkHwp1nIQ,HONNE - Topic,https://www.youtube.com/channel/UC5FYAw7pRrtyqrHkHwp1nIQ,1
https://www.youtube.com/channel/UCoTaSwsGGpqA0Dt9tEodXcA,Paul Weller - Topic,https://www.youtube.com/channel/UCoTaSwsGGpqA0Dt9tEodXcA,1
https://www.youtube.com/channel/UCiVqHk0kyab-RAHIVq28RHw,Chet Faker - Topic,https://www.youtube.com/channel/UCiVqHk0kyab-RAHIVq28RHw,1
https://www.youtube.com/channel/UCZFA-xBx9hqhuBRbPRsRsSQ,Loving Caliber - Topic,https://www.youtube.com/channel/UCZFA-xBx9hqhuBRbPRsRsSQ,1
https://www.youtube.com/channel/UCsZIVNwBqtPBX-41kO_rQzQ,Camila Cabello - Topic,https://www.youtube.com/channel/UCsZIVNwBqtPBX-41kO_rQzQ,4
https://www.youtube.com/channel/UCaPIRYCKs51kvD4jrbwMH1w,Sia - Topic,https://www.youtube.com/channel/UCaPIRYCKs51kvD4jrbwMH1w,8
https://www.youtube.com/channel/UCWsL4TOtjvhgRUyCyQh2poQ,Srinivas - Topic,https://www.youtube.com/channel/UCWsL4TOtjvhgRUyCyQh2poQ,1
https://www.youtube.com/channel/UCRQgqV5VW2GKp8u5-hlqJvw,Arko - Topic,https://www.youtube.com/channel/UCRQgqV5VW2GKp8u5-hlqJvw,6
https://www.youtube.com/channel/UC4nQHrz0kvM7LGc7GOnc72g,Abhijeet - Topic,https://www.youtube.com/channel/UC4nQHrz0kvM7LGc7GOnc72g,3
https://www.youtube.com/channel/UCuaj8pZHGpMs5hWwDvjMLWw,Aditya A - Topic,https://www.youtube.com/channel/UCuaj8pZHGpMs5hWwDvjMLWw,3
https://www.youtube.com/channel/UCifmvmgpyA32PB8_J9f9ELQ,Shafqat Amanat Ali - Topic,https://www.youtube.com/channel/UCifmvmgpyA32PB8_J9f9ELQ,6
https://www.youtube.com/channel/UCrGjomj3RMnN6eymDGhmsFw,Jasleen Royal - Topic,https://www.youtube.com/channel/UCrGjomj3RMnN6eymDGhmsFw,25
https://www.youtube.com/channel/UCitMdY3jSnGrbKB7AxQaKDw,Alisha Chinai - Topic,https://www.youtube.com/channel/UCitMdY3jSnGrbKB7AxQaKDw,4
https://www.youtube.com/channel/UCqzQ51ZqgxPvIGGAVUdcuVA,Tanishk Bagchi - Topic,https://www.youtube.com/channel/UCqzQ51ZqgxPvIGGAVUdcuVA,6
https://www.youtube.com/channel/UCuZiySVHbRuhCme46tGTOkw,Guru Randhawa - Topic,https://www.youtube.com/channel/UCuZiySVHbRuhCme46tGTOkw,2
https://www.youtube.com/channel/UCLTTvnqKMgt1Bc7LQuTMJXA,Satish Chakravarthy - Topic,https://www.youtube.com/channel/UCLTTvnqKMgt1Bc7LQuTMJXA,7
https://www.youtube.com/channel/UCsmm-jjSLILh12mZ2aR6Qrg,Neha Kakkar - Topic,https://www.youtube.com/channel/UCsmm-jjSLILh12mZ2aR6Qrg,4
https://www.youtube.com/channel/UCRQmZ4lsrzXAyvKRV1DSMYA,Amitabh Bhattacharya - Topic,https://www.youtube.com/channel/UCRQmZ4lsrzXAyvKRV1DSMYA,2
https://www.youtube.com/channel/UCX52tYZiEh_mHoFja3Veciw,Eros Now Music,https://www.youtube.com/channel/UCX52tYZiEh_mHoFja3Veciw,1
https://www.youtube.com/channel/UCbTLwN10NoCU4WDzLf1JMOA,YRF,https://www.youtube.com/channel/UCbTLwN10NoCU4WDzLf1JMOA,1
https://www.youtube.com/channel/UCjbSTgqimV2BXwmdASvfpYQ,Shalmali Kholgade - Topic,https://www.youtube.com/channel/UCjbSTgqimV2BXwmdASvfpYQ,3
https://www.youtube.com/channel/UCgwSlyZXq60iKy81JCGH1XA,Harshdeep Kaur - Topic,https://www.youtube.com/channel/UCgwSlyZXq60iKy81JCGH1XA,3
https://www.youtube.com/channel/UCzJRkr4MuVD7sEGHR_zRSEQ,Tulsi Kumar - Topic,https://www.youtube.com/channel/UCzJRkr4MuVD7sEGHR_zRSEQ,1
https://www.youtube.com/channel/UCAkMM77O0SVmhJodrp0NgNg,Various Artists - Topic,https://www.youtube.com/channel/UCAkMM77O0SVmhJodrp0NgNg,1
https://www.youtube.com/channel/UCmIJDVHH-W5eILcGPos_rKA,Mika Singh - Topic,https://www.youtube.com/channel/UCmIJDVHH-W5eILcGPos_rKA,7
https://www.youtube.com/channel/UCQDKIwVzoViEuj_v_8jA0KA,Elvis Costello - Topic,https://www.youtube.com/channel/UCQDKIwVzoViEuj_v_8jA0KA,1
https://www.youtube.com/channel/UCxMaQtHvN4Jw5kYfo8Bi5fw,boygenius - Topic,https://www.youtube.com/channel/UCxMaQtHvN4Jw5kYfo8Bi5fw,17
https://www.youtube.com/channel/UCl2qVCHeUjL3lCnSCrKxtoQ,Paramore - Topic,https://www.youtube.com/channel/UCl2qVCHeUjL3lCnSCrKxtoQ,5
https://www.youtube.com/channel/UCn_Q9IzYVUhbZO9IPaQunbQ,Sonny and the Sunsets - Topic,https://www.youtube.com/channel/UCn_Q9IzYVUhbZO9IPaQunbQ,1
https://www.youtube.com/channel/UCgoNkeDe55gbkRaO72GN6CA,Modernlove. - Topic,https://www.youtube.com/channel/UCgoNkeDe55gbkRaO72GN6CA,1
https://www.youtube.com/channel/UCt-KqR_ceCdjeMljGYiXSww,Lucy Dacus - Topic,https://www.youtube.com/channel/UCt-KqR_ceCdjeMljGYiXSww,1
https://www.youtube.com/channel/UCqgwdYBhoUHmjrVxNhEUv4g,Måneskin - Topic,https://www.youtube.com/channel/UCqgwdYBhoUHmjrVxNhEUv4g,1
https://www.youtube.com/channel/UC08qAR-kyTJb8Xjwbo6C7ZQ,Ghost - Topic,https://www.youtube.com/channel/UC08qAR-kyTJb8Xjwbo6C7ZQ,2
https://www.youtube.com/channel/UCKsVLmNjFlOBlpXGLJMCfNQ,Release - Topic,https://www.youtube.com/channel/UCKsVLmNjFlOBlpXGLJMCfNQ,8
https://www.youtube.com/channel/UCCzULu3prrEaPvM2ZtkJlYQ,Fleetwood Mac - Topic,https://www.youtube.com/channel/UCCzULu3prrEaPvM2ZtkJlYQ,8
https://www.youtube.com/channel/UCgYItmLRfCuz7fxjvt35s5g,Release - Topic,https://www.youtube.com/channel/UCgYItmLRfCuz7fxjvt35s5g,6
https://www.youtube.com/channel/UCcPdwtGBC_swzytkKS5uCiQ,Release - Topic,https://www.youtube.com/channel/UCcPdwtGBC_swzytkKS5uCiQ,1
https://www.youtube.com/channel/UCGVGIqHPzwLhZg8KQNVaRbA,Zedd - Topic,https://www.youtube.com/channel/UCGVGIqHPzwLhZg8KQNVaRbA,2
https://www.youtube.com/channel/UCZn4r7heNOPY-C43YIywnVA,Bruno Mars - Topic,https://www.youtube.com/channel/UCZn4r7heNOPY-C43YIywnVA,1
https://www.youtube.com/channel/UC7X_p9dd8NUqB-cs8Vv7M9Q,Patti Smith - Topic,https://www.youtube.com/channel/UC7X_p9dd8NUqB-cs8Vv7M9Q,3
https://www.youtube.com/channel/UCavYqOVx1-2Uys_UJaXwtQQ,Clinton Kane - Topic,https://www.youtube.com/channel/UCavYqOVx1-2Uys_UJaXwtQQ,1
https://www.youtube.com/channel/UCiloD3RzKH6YJiZV_SNIRjQ,The Civil Wars - Topic,https://www.youtube.com/channel/UCiloD3RzKH6YJiZV_SNIRjQ,5
https://www.youtube.com/channel/UCdLH9R0W3-FYA_H0eHwrfzQ,Anurag Vashisht - Topic,https://www.youtube.com/channel/UCdLH9R0W3-FYA_H0eHwrfzQ,1
https://www.youtube.com/channel/UCOx12K3GqOMcIeyNTNj1Z6Q,Ruth B. - Topic,https://www.youtube.com/channel/UCOx12K3GqOMcIeyNTNj1Z6Q,1
https://www.youtube.com/channel/UCUPFhqBzxY0E0UKRUFFdZhQ,PRETTYMUCH - Topic,https://www.youtube.com/channel/UCUPFhqBzxY0E0UKRUFFdZhQ,1
https://www.youtube.com/channel/UCo3Hl03z8Ai0mYegO00aKTQ,Himonshu Parikh - Topic,https://www.youtube.com/channel/UCo3Hl03z8Ai0mYegO00aKTQ,1
https://www.youtube.com/channel/UCtNzg1qT4Q_TWVhZenAMw9w,Rochak Kohli - Topic,https://www.youtube.com/channel/UCtNzg1qT4Q_TWVhZenAMw9w,6
https://www.youtube.com/channel/UCwXvxgmYjgO1PKBCXdufT4Q,The Local Train - Topic,https://www.youtube.com/channel/UCwXvxgmYjgO1PKBCXdufT4Q,40
https://www.youtube.com/channel/UCNQbqaw5wgKgsSdxP_4eLmQ,Akull - Topic,https://www.youtube.com/channel/UCNQbqaw5wgKgsSdxP_4eLmQ,1
https://www.youtube.com/channel/UCnuIDHLcfGZlceGSOU-WBew,KSW - Topic,https://www.youtube.com/channel/UCnuIDHLcfGZlceGSOU-WBew,1
https://www.youtube.com/channel/UC1puJvANxoajJeggazVIMUA,QARAN - Topic,https://www.youtube.com/channel/UC1puJvANxoajJeggazVIMUA,2
https://www.youtube.com/channel/UCqqH9Z4oxKgLkGxNcQyLMMQ,MC Altaf - Topic,https://www.youtube.com/channel/UCqqH9Z4oxKgLkGxNcQyLMMQ,1
https://www.youtube.com/channel/UC1OIizenN4GmGRD8YYUD0Aw,Agnee - Topic,https://www.youtube.com/channel/UC1OIizenN4GmGRD8YYUD0Aw,12
https://www.youtube.com/channel/UCh5qKQ3Pvo0tzpa7i1zyVQg,nabeel ahmad,https://www.youtube.com/channel/UCh5qKQ3Pvo0tzpa7i1zyVQg,1
https://www.youtube.com/channel/UCI_MAGDx-8cQCvONESKXe3A,Amitabh Bachchan - Topic,https://www.youtube.com/channel/UCI_MAGDx-8cQCvONESKXe3A,1
https://www.youtube.com/channel/UCsZEF9bGB7_2U424YnpdNVA,Jake Miller - Topic,https://www.youtube.com/channel/UCsZEF9bGB7_2U424YnpdNVA,3
https://www.youtube.com/channel/UCc7qv30nl6n6ZLP8TWDKjAw,Owl City - Topic,https://www.youtube.com/channel/UCc7qv30nl6n6ZLP8TWDKjAw,3
https://www.youtube.com/channel/UCOYiPDuimprrGHgFy4_Fw8Q,OMI - Topic,https://www.youtube.com/channel/UCOYiPDuimprrGHgFy4_Fw8Q,1
https://www.youtube.com/channel/UCfIpe7I3EWoE7BX6OjiCeTA,Push Baby - Topic,https://www.youtube.com/channel/UCfIpe7I3EWoE7BX6OjiCeTA,1
https://www.youtube.com/channel/UCkhjJ1ozo9YkGtZ2Vl-QpwA,Kygo - Topic,https://www.youtube.com/channel/UCkhjJ1ozo9YkGtZ2Vl-QpwA,2
https://www.youtube.com/channel/UCqBNd0XhYrv8OFlyr4fufdA,Lionel Richie - Topic,https://www.youtube.com/channel/UCqBNd0XhYrv8OFlyr4fufdA,1
https://www.youtube.com/channel/UCJWiokReZY0mPgbOdgD3muA,Colin Hay - Topic,https://www.youtube.com/channel/UCJWiokReZY0mPgbOdgD3muA,1
https://www.youtube.com/channel/UCBPq41ddDpRAeSxrYS0faNA,Lou Bega - Topic,https://www.youtube.com/channel/UCBPq41ddDpRAeSxrYS0faNA,1
https://www.youtube.com/channel/UC1zsfp3OD8qWQ0HfLbz2TXg,Frank Sinatra - Topic,https://www.youtube.com/channel/UC1zsfp3OD8qWQ0HfLbz2TXg,1
https://www.youtube.com/channel/UCF6I8FH_f6NBEsngIfkZY6g,Blondie - Topic,https://www.youtube.com/channel/UCF6I8FH_f6NBEsngIfkZY6g,1
https://www.youtube.com/channel/UCqR2ATuiV-PN2fWzuRYjcbg,fun. - Topic,https://www.youtube.com/channel/UCqR2ATuiV-PN2fWzuRYjcbg,1
https://www.youtube.com/channel/UCw81Qqzprmu2NKgRpZHiPrg,Bastille - Topic,https://www.youtube.com/channel/UCw81Qqzprmu2NKgRpZHiPrg,2
https://www.youtube.com/channel/UCkVBToGZ1PTrMN22TAKyO6Q,Anne-Marie - Topic,https://www.youtube.com/channel/UCkVBToGZ1PTrMN22TAKyO6Q,2
https://www.youtube.com/channel/UC4dW20H96zkAdeWVg62r6-A,Galantis - Topic,https://www.youtube.com/channel/UC4dW20H96zkAdeWVg62r6-A,1
https://www.youtube.com/channel/UC966pmWm_xtPVWqowAh3dvQ,Various Artists - Topic,https://www.youtube.com/channel/UC966pmWm_xtPVWqowAh3dvQ,2
https://www.youtube.com/channel/UCAGiV_LadP8BI20epiwGwAA,Ryan Gosling - Topic,https://www.youtube.com/channel/UCAGiV_LadP8BI20epiwGwAA,2
https://www.youtube.com/channel/UC5J__UU0Y7ZAVluolcIjrbw,Panic! At The Disco - Topic,https://www.youtube.com/channel/UC5J__UU0Y7ZAVluolcIjrbw,1
https://www.youtube.com/channel/UC2zoEUvDPsp6qWXJ9f8-_GA,Diego Villacis DVM - Topic,https://www.youtube.com/channel/UC2zoEUvDPsp6qWXJ9f8-_GA,1
https://www.youtube.com/channel/UC41L0sFqy6_Q43RGgUnJ75Q,Sunidhi Chauhan - Topic,https://www.youtube.com/channel/UC41L0sFqy6_Q43RGgUnJ75Q,11
https://www.youtube.com/channel/UCnSwBYud9spanfEELuaMzYA,Various Artists - Topic,https://www.youtube.com/channel/UCnSwBYud9spanfEELuaMzYA,2
https://www.youtube.com/channel/UC0PQFdpMlhl5TFYaUFy64yw,Kanishk Seth - Topic,https://www.youtube.com/channel/UC0PQFdpMlhl5TFYaUFy64yw,2
https://www.youtube.com/channel/UCFPl9OVCDENIPEVVWedJwCg,Taniskaa Sanghvi - Topic,https://www.youtube.com/channel/UCFPl9OVCDENIPEVVWedJwCg,2
https://www.youtube.com/channel/UCG8wjmQO_CWqaD7TPIOLZEw,Achint - Topic,https://www.youtube.com/channel/UCG8wjmQO_CWqaD7TPIOLZEw,2
https://www.youtube.com/channel/UCCOG5mtQZIdndAVQ8km3zQg,Various Artists - Topic,https://www.youtube.com/channel/UCCOG5mtQZIdndAVQ8km3zQg,1
https://www.youtube.com/channel/UCVfSAUepe_FzP6ge6WexO5Q,Badshah - Topic,https://www.youtube.com/channel/UCVfSAUepe_FzP6ge6WexO5Q,4
https://www.youtube.com/channel/UCBsDTqW76wnzN9Ta9lnaBIQ,Pav Dharia - Topic,https://www.youtube.com/channel/UCBsDTqW76wnzN9Ta9lnaBIQ,1
https://www.youtube.com/channel/UCvfE4xZDghK_FlDVSgPTKyw,Asees Kaur - Topic,https://www.youtube.com/channel/UCvfE4xZDghK_FlDVSgPTKyw,4
https://www.youtube.com/channel/UCnTpYy7WLMGu3NQxWydMd1A,Jasmine Sandlas - Topic,https://www.youtube.com/channel/UCnTpYy7WLMGu3NQxWydMd1A,1
https://www.youtube.com/channel/UCPDJURzMo2MneDJFIvq6a_g,Shilpa Rao - Topic,https://www.youtube.com/channel/UCPDJURzMo2MneDJFIvq6a_g,1
https://www.youtube.com/channel/UCPFAdfI-QObn15ux5L3yDBg,Srinidhi Venkatesh - Topic,https://www.youtube.com/channel/UCPFAdfI-QObn15ux5L3yDBg,1
https://www.youtube.com/channel/UCmXA9buYa5HeKA73CeoAaUw,Sukriti Kakar - Topic,https://www.youtube.com/channel/UCmXA9buYa5HeKA73CeoAaUw,1
https://www.youtube.com/channel/UCJlOyGArj4uyo-Uae8nxUew,Farhan Akhtar - Topic,https://www.youtube.com/channel/UCJlOyGArj4uyo-Uae8nxUew,2
https://www.youtube.com/channel/UCyCdVcCmnCnJuS8vTZgTf0w,Music for Reading - Topic,https://www.youtube.com/channel/UCyCdVcCmnCnJuS8vTZgTf0w,30
https://www.youtube.com/channel/UC0c4bK_92XYr0YtASqqWOJg,DJ Snake - Topic,https://www.youtube.com/channel/UC0c4bK_92XYr0YtASqqWOJg,5
https://www.youtube.com/channel/UCvdKd0raGD2OGO8N6j_lb0Q,Anand Raaj Anand - Topic,https://www.youtube.com/channel/UCvdKd0raGD2OGO8N6j_lb0Q,1
https://www.youtube.com/channel/UCBx5ZCGzEsiJ2Ema5dcR7uA,Anusha Mani - Topic,https://www.youtube.com/channel/UCBx5ZCGzEsiJ2Ema5dcR7uA,1
https://www.youtube.com/channel/UC9p8SC0dZ908ipV8mCBoVgg,Various Artists - Topic,https://www.youtube.com/channel/UC9p8SC0dZ908ipV8mCBoVgg,1
https://www.youtube.com/channel/UC81bIYHy2qcT6RlqkoPsJAw,DJ Suketu - Topic,https://www.youtube.com/channel/UC81bIYHy2qcT6RlqkoPsJAw,1
https://www.youtube.com/channel/UCbbnBqOXxXYHkLnOEaXtDkg,Shweta Pandit - Topic,https://www.youtube.com/channel/UCbbnBqOXxXYHkLnOEaXtDkg,1
https://www.youtube.com/channel/UCSoX1JIYHtk5g23drDGZfLw,Ali Sethi - Topic,https://www.youtube.com/channel/UCSoX1JIYHtk5g23drDGZfLw,1
https://www.youtube.com/channel/UCWzv46iaY7wRp0sQMes95kw,Train - Topic,https://www.youtube.com/channel/UCWzv46iaY7wRp0sQMes95kw,1
https://www.youtube.com/channel/UC_VCJd8skzwcPktsMLqTz1g,Meghan Trainor - Topic,https://www.youtube.com/channel/UC_VCJd8skzwcPktsMLqTz1g,1
https://www.youtube.com/channel/UC57yfhZw9tV1Wd7h7HArc7Q,BØRNS - Topic,https://www.youtube.com/channel/UC57yfhZw9tV1Wd7h7HArc7Q,1
https://www.youtube.com/channel/UC5tn4lfCgsNq7KPLVJcVoFg,Rekha Bhardwaj - Topic,https://www.youtube.com/channel/UC5tn4lfCgsNq7KPLVJcVoFg,1
https://www.youtube.com/channel/UCVKmkwjsbS0qje3OlvbLixQ,Jyoti Nooran - Topic,https://www.youtube.com/channel/UCVKmkwjsbS0qje3OlvbLixQ,2
https://www.youtube.com/channel/UCPGGiex42lNXNXXlwMA3Lgg,Joi Barua - Topic,https://www.youtube.com/channel/UCPGGiex42lNXNXXlwMA3Lgg,2
https://www.youtube.com/channel/UCew2o2ZxFMBSQHTqI7eQCjQ,Sean Kingston - Topic,https://www.youtube.com/channel/UCew2o2ZxFMBSQHTqI7eQCjQ,1
https://www.youtube.com/channel/UCU_JWX1agawhZ2lek-6ip8g,The Strumbellas - Topic,https://www.youtube.com/channel/UCU_JWX1agawhZ2lek-6ip8g,1
https://www.youtube.com/channel/UChPyJft6cxsuQeo9yzQ4PQQ,AJR - Topic,https://www.youtube.com/channel/UChPyJft6cxsuQeo9yzQ4PQQ,1
https://www.youtube.com/channel/UCs8PJDBt1jl1p3NpvRpgP-Q,Rito Riba - Topic,https://www.youtube.com/channel/UCs8PJDBt1jl1p3NpvRpgP-Q,2
https://www.youtube.com/channel/UCCy8ziFg2boLhLfJ1h0rhgQ,Jason Mraz - Topic,https://www.youtube.com/channel/UCCy8ziFg2boLhLfJ1h0rhgQ,1
https://www.youtube.com/channel/UCuPY6msZGySMzTpKLjyeO8g,Calum Scott - Topic,https://www.youtube.com/channel/UCuPY6msZGySMzTpKLjyeO8g,2
https://www.youtube.com/channel/UCunB7BiOZ7aN6v6TgCp5dRA,Christina Perri - Topic,https://www.youtube.com/channel/UCunB7BiOZ7aN6v6TgCp5dRA,2
https://www.youtube.com/channel/UCIOr01Dc11ba2JgIwuYfN0A,Salim Merchant - Topic,https://www.youtube.com/channel/UCIOr01Dc11ba2JgIwuYfN0A,5
https://www.youtube.com/channel/UCJqpe3lkvS1e835S2C9s4vA,Siddharth Mahadevan - Topic,https://www.youtube.com/channel/UCJqpe3lkvS1e835S2C9s4vA,2
https://www.youtube.com/channel/UCnK6qqajumBsEk-D7mevv0w,cartwrong,https://www.youtube.com/channel/UCnK6qqajumBsEk-D7mevv0w,1
https://www.youtube.com/channel/UCNYhhkQqeFLUc-YEDcLpSYQ,The Rolling Stones - Topic,https://www.youtube.com/channel/UCNYhhkQqeFLUc-YEDcLpSYQ,1
https://www.youtube.com/channel/UCWEOCbdtQTQeQ4C2u7q5nhw,Family of the Year - Topic,https://www.youtube.com/channel/UCWEOCbdtQTQeQ4C2u7q5nhw,1
https://www.youtube.com/channel/UC5Ziwoo7xz2i-vKsgKcm-kQ,First Aid Kit - Topic,https://www.youtube.com/channel/UC5Ziwoo7xz2i-vKsgKcm-kQ,2
https://www.youtube.com/channel/UCkGlaPWIsA3mmNlehTPQvog,Josh Moss,https://www.youtube.com/channel/UCkGlaPWIsA3mmNlehTPQvog,1
https://www.youtube.com/channel/UC25j4DwEaTkGHCUpQo2mZPQ,"Crosby, Stills & Nash - Topic",https://www.youtube.com/channel/UC25j4DwEaTkGHCUpQo2mZPQ,1
https://www.youtube.com/channel/UCk_ehFk_adf6954Sihwt1MQ,skychurchify,https://www.youtube.com/channel/UCk_ehFk_adf6954Sihwt1MQ,1
https://www.youtube.com/channel/UCA37MBUzQgLbUHoUQgl-p0g,Dire Straits - Topic,https://www.youtube.com/channel/UCA37MBUzQgLbUHoUQgl-p0g,3
https://www.youtube.com/channel/UC6hGusDLTI8bW-P4pMYdIqA,Tom Petty - Topic,https://www.youtube.com/channel/UC6hGusDLTI8bW-P4pMYdIqA,2
https://www.youtube.com/channel/UCMClLcNNAstOzMpNIbNvUUg,Dawes - Topic,https://www.youtube.com/channel/UCMClLcNNAstOzMpNIbNvUUg,2
https://www.youtube.com/channel/UCORF6FRD_t7kMtXKm_ZTRWA,Mario304,https://www.youtube.com/channel/UCORF6FRD_t7kMtXKm_ZTRWA,2
https://www.youtube.com/channel/UCqT8a6zFh99EvuRdw0lnG_w,pcindirellie,https://www.youtube.com/channel/UCqT8a6zFh99EvuRdw0lnG_w,2
https://www.youtube.com/channel/UCxOJy6IsIHjSpE-o3kdcSIA,PISSDRNXPUNCH,https://www.youtube.com/channel/UCxOJy6IsIHjSpE-o3kdcSIA,2
https://www.youtube.com/channel/UCBe8acaznreOy4EZ0K5jKRw,TheCivilWarsVEVO,https://www.youtube.com/channel/UCBe8acaznreOy4EZ0K5jKRw,2
https://www.youtube.com/channel/UCOjPB-A02YtEB1J_5C1Rbpw,Kina Grannis - Topic,https://www.youtube.com/channel/UCOjPB-A02YtEB1J_5C1Rbpw,1
https://www.youtube.com/channel/UChwSjx8SnvG6k96a9xqYw1g,Bebe Rexha - Topic,https://www.youtube.com/channel/UChwSjx8SnvG6k96a9xqYw1g,2
https://www.youtube.com/channel/UCn9i4cdLe14CbsOycTbKMoA,Elton John - Topic,https://www.youtube.com/channel/UCn9i4cdLe14CbsOycTbKMoA,1
https://www.youtube.com/channel/UC3RXV3x1J7HdgHskfDyVeEw,B Praak - Topic,https://www.youtube.com/channel/UC3RXV3x1J7HdgHskfDyVeEw,1
https://www.youtube.com/channel/UC6xNJetXDxS-chGlz28VolQ,Bhupinder Babbal - Topic,https://www.youtube.com/channel/UC6xNJetXDxS-chGlz28VolQ,1
https://www.youtube.com/channel/UCIrpSDpMLXJDfMTwpYEUfcg,Release - Topic,https://www.youtube.com/channel/UCIrpSDpMLXJDfMTwpYEUfcg,1
https://www.youtube.com/channel/UCZk0CYy1SMM_9WrcjFyeE7A,Shubhadip Dey,https://www.youtube.com/channel/UCZk0CYy1SMM_9WrcjFyeE7A,1
https://www.youtube.com/channel/UCj85MTMOE9hnpeaH4CTNiig,Raghav Chaitanya - Topic,https://www.youtube.com/channel/UCj85MTMOE9hnpeaH4CTNiig,2
https://www.youtube.com/channel/UCPiXkRHQXIylsdUFjjW99zw,Ankur Tewari - Topic,https://www.youtube.com/channel/UCPiXkRHQXIylsdUFjjW99zw,7
https://www.youtube.com/channel/UCroOD1yPBDSEqFLejRB-Gbw,Mitraz - Topic,https://www.youtube.com/channel/UCroOD1yPBDSEqFLejRB-Gbw,11
https://www.youtube.com/channel/UCFJDYnG6BY6NFcb-QnHjBcw,Kaifi Khalil - Topic,https://www.youtube.com/channel/UCFJDYnG6BY6NFcb-QnHjBcw,1
https://www.youtube.com/channel/UC4pXWqeKDSIWEvlLLTYWmXQ,Aditya Rikhari - Topic,https://www.youtube.com/channel/UC4pXWqeKDSIWEvlLLTYWmXQ,1
https://www.youtube.com/channel/UCz8fGgp6lk6qLQJetF5_JAg,Suriel Hess - Topic,https://www.youtube.com/channel/UCz8fGgp6lk6qLQJetF5_JAg,3
https://www.youtube.com/channel/UCTOmbdtVviWlIk24ef_F9kQ,Shinda Kahlon - Topic,https://www.youtube.com/channel/UCTOmbdtVviWlIk24ef_F9kQ,5
https://www.youtube.com/channel/UCKUZB6yQYr9je25TGXOr3yg,Dream Note - Topic,https://www.youtube.com/channel/UCKUZB6yQYr9je25TGXOr3yg,1
https://www.youtube.com/channel/UCzpQiSjZ-zgcr0JLfjaCgBA,Suzonn - Topic,https://www.youtube.com/channel/UCzpQiSjZ-zgcr0JLfjaCgBA,7
https://www.youtube.com/channel/UCpVKXA1YEpLtD_keJogkCwg,Wham! - Topic,https://www.youtube.com/channel/UCpVKXA1YEpLtD_keJogkCwg,4
https://www.youtube.com/channel/UCjdRB1vDNhRQUTrV87_nGHw,Bobby Helms - Topic,https://www.youtube.com/channel/UCjdRB1vDNhRQUTrV87_nGHw,1
https://www.youtube.com/channel/UCKRnq8aBOCanYlffje7HyvA,Mariah Carey - Topic,https://www.youtube.com/channel/UCKRnq8aBOCanYlffje7HyvA,3
https://www.youtube.com/channel/UCv54Xqd1H8VAv3V7lKQRhmA,Ashu - Topic,https://www.youtube.com/channel/UCv54Xqd1H8VAv3V7lKQRhmA,1
https://www.youtube.com/channel/UClnlSt22zn2x_HPoT9xsLTA,Apurva Tamang - Topic,https://www.youtube.com/channel/UClnlSt22zn2x_HPoT9xsLTA,1
https://www.youtube.com/channel/UCtOUE0PlasMHTW5elG1rD8w,Osho Jain - Topic,https://www.youtube.com/channel/UCtOUE0PlasMHTW5elG1rD8w,1
https://www.youtube.com/channel/UCLp11qcIK9ViFccGbJlFeXw,Piyush Bhisekar - Topic,https://www.youtube.com/channel/UCLp11qcIK9ViFccGbJlFeXw,1
https://www.youtube.com/channel/UCaNKkC_A6tYYVxaQdzWXoaQ,Naalayak - Topic,https://www.youtube.com/channel/UCaNKkC_A6tYYVxaQdzWXoaQ,1
https://www.youtube.com/channel/UCYcH-TJ6hQFIsqhqqZCSzRA,Holly Humberstone - Topic,https://www.youtube.com/channel/UCYcH-TJ6hQFIsqhqqZCSzRA,4
https://www.youtube.com/channel/UCh1mOseeXbq8xWuEAsWhoAg,Maisie Peters - Topic,https://www.youtube.com/channel/UCh1mOseeXbq8xWuEAsWhoAg,17
https://www.youtube.com/channel/UCTVV4ftXytYeCZ8mr9HvLkA,Amy Shark - Topic,https://www.youtube.com/channel/UCTVV4ftXytYeCZ8mr9HvLkA,1
https://www.youtube.com/channel/UCnSPyVAlKXkdkXzqHf-J93g,Amaal Mallik - Topic,https://www.youtube.com/channel/UCnSPyVAlKXkdkXzqHf-J93g,2
https://www.youtube.com/channel/UCzH2mUXTuHX57xyz9-7gqAQ,Kim Chang Wan - Topic,https://www.youtube.com/channel/UCzH2mUXTuHX57xyz9-7gqAQ,1
https://www.youtube.com/channel/UC_lQ8maSG8SROu4f2SfKNfA,Ashwin Adwani - Topic,https://www.youtube.com/channel/UC_lQ8maSG8SROu4f2SfKNfA,1
https://www.youtube.com/channel/UCAzY9lGWvQnq4dr881SBuQA,Tanmaya Bhatnagar - Topic,https://www.youtube.com/channel/UCAzY9lGWvQnq4dr881SBuQA,1
https://www.youtube.com/channel/UCI9AH4Z6L5rOgv07zvKJRlw,Isaac Gracie - Topic,https://www.youtube.com/channel/UCI9AH4Z6L5rOgv07zvKJRlw,1
https://www.youtube.com/channel/UCG-pusrQIjqZIsvCs8crqfQ,Toh Kay - Topic,https://www.youtube.com/channel/UCG-pusrQIjqZIsvCs8crqfQ,1
https://www.youtube.com/channel/UCXprWnmTu5K9o7pFZ7vSv0A,Twin Strings - Topic,https://www.youtube.com/channel/UCXprWnmTu5K9o7pFZ7vSv0A,1
https://www.youtube.com/channel/UCBt4SdDp5zGgvMVSv43vnVA,Aayush Koju - Topic,https://www.youtube.com/channel/UCBt4SdDp5zGgvMVSv43vnVA,1
https://www.youtube.com/channel/UCXYhxEANkB-itGNYO8-7V2w,Canyon City - Topic,https://www.youtube.com/channel/UCXYhxEANkB-itGNYO8-7V2w,1
https://www.youtube.com/channel/UCI9CjX86WgodaZGrvAUKNgA,Harsh Lok - Topic,https://www.youtube.com/channel/UCI9CjX86WgodaZGrvAUKNgA,1
https://www.youtube.com/channel/UCwd4T9E5IR6CAPpQYTSFY1A,Priya Choudhary - Topic,https://www.youtube.com/channel/UCwd4T9E5IR6CAPpQYTSFY1A,1
https://www.youtube.com/channel/UCwnBk4IeB6vOxBop6NvUrAw,Various Artists - Topic,https://www.youtube.com/channel/UCwnBk4IeB6vOxBop6NvUrAw,1
https://www.youtube.com/channel/UC0PHZDUaTC-HYDi1MyuBe-Q,Shreya - Topic,https://www.youtube.com/channel/UC0PHZDUaTC-HYDi1MyuBe-Q,1
https://www.youtube.com/channel/UCn27y010kAJSwpKKBhTwUuA,American Authors - Topic,https://www.youtube.com/channel/UCn27y010kAJSwpKKBhTwUuA,1
https://www.youtube.com/channel/UCg1vz4A18N6KWzfuh7fNxgQ,Bombay Jayashri - Topic,https://www.youtube.com/channel/UCg1vz4A18N6KWzfuh7fNxgQ,2
https://www.youtube.com/channel/UCt9pqgI-TwZ1vPCLYQYiXzQ,Anumita Nadesan,https://www.youtube.com/channel/UCt9pqgI-TwZ1vPCLYQYiXzQ,1
https://www.youtube.com/channel/UCwpDHzbKFjTg2-rFgQLdkTQ,satish - Topic,https://www.youtube.com/channel/UCwpDHzbKFjTg2-rFgQLdkTQ,1
https://www.youtube.com/channel/UCMQS3w1nGv8HliTTyp3Szkw,Taba Chake - Topic,https://www.youtube.com/channel/UCMQS3w1nGv8HliTTyp3Szkw,8
https://www.youtube.com/channel/UCAImxmTjXKG3QyUZXWluoQg,New West - Topic,https://www.youtube.com/channel/UCAImxmTjXKG3QyUZXWluoQg,5
https://www.youtube.com/channel/UCRw0x9_EfawqmgDI2IgQLLg,Adele - Topic,https://www.youtube.com/channel/UCRw0x9_EfawqmgDI2IgQLLg,15
https://www.youtube.com/channel/UC37hiyVk7XSOY8EmnN_VmPQ,Sara Bareilles - Topic,https://www.youtube.com/channel/UC37hiyVk7XSOY8EmnN_VmPQ,1
https://www.youtube.com/channel/UCn7zHzPkLzw4dbKHrOuLuHw,Papon - Topic,https://www.youtube.com/channel/UCn7zHzPkLzw4dbKHrOuLuHw,10
https://www.youtube.com/channel/UCM_qbhXjj2RJHmjWTw88AsQ,Various Artists - Topic,https://www.youtube.com/channel/UCM_qbhXjj2RJHmjWTw88AsQ,3
https://www.youtube.com/channel/UC9rTPiSAfswoLoqCJThN1Zg,City And Colour - Topic,https://www.youtube.com/channel/UC9rTPiSAfswoLoqCJThN1Zg,1
https://www.youtube.com/channel/UC2TgVW3yC_MQ4Wmzyy1OwEg,Hope Tala - Topic,https://www.youtube.com/channel/UC2TgVW3yC_MQ4Wmzyy1OwEg,1
https://www.youtube.com/channel/UCaPOa_Tg0TThuYSVtUEXb8g,Men I Trust - Topic,https://www.youtube.com/channel/UCaPOa_Tg0TThuYSVtUEXb8g,1
https://www.youtube.com/channel/UCx-cwf1tCXoZr0KtnpaDwyA,Bon Iver - Topic,https://www.youtube.com/channel/UCx-cwf1tCXoZr0KtnpaDwyA,3
https://www.youtube.com/channel/UChQY2mIly-pe4p-uwgupTNg,Griff - Topic,https://www.youtube.com/channel/UChQY2mIly-pe4p-uwgupTNg,10
https://www.youtube.com/channel/UCAVD-4y_1Du7izeO86elO5A,Tom Tykwer - Topic,https://www.youtube.com/channel/UCAVD-4y_1Du7izeO86elO5A,11
https://www.youtube.com/channel/UC4HkiAeN0bIG3sgf8Mb-gNQ,Mark Knopfler - Topic,https://www.youtube.com/channel/UC4HkiAeN0bIG3sgf8Mb-gNQ,6
https://www.youtube.com/channel/UCuXbYjFC5IuRnSbiG-O2zzw,Joseph Trapanese - Topic,https://www.youtube.com/channel/UCuXbYjFC5IuRnSbiG-O2zzw,1
https://www.youtube.com/channel/UCfCNL5oajlQBAlyjWv1ChVw,Hans Zimmer - Topic,https://www.youtube.com/channel/UCfCNL5oajlQBAlyjWv1ChVw,6
https://www.youtube.com/channel/UCx9FdJJKRZRcD03EFdfAu7Q,Dan Romer - Topic,https://www.youtube.com/channel/UCx9FdJJKRZRcD03EFdfAu7Q,2
https://www.youtube.com/channel/UCZOJsE2la0QUXExVeIrEWEg,valiado1969,https://www.youtube.com/channel/UCZOJsE2la0QUXExVeIrEWEg,5
https://www.youtube.com/channel/UCRRtJojwuI4WEmBBw2W3X9A,jediking12,https://www.youtube.com/channel/UCRRtJojwuI4WEmBBw2W3X9A,1
https://www.youtube.com/channel/UCfv8TEQ44ej9uPGF-SNsDBA,John Williams - Topic,https://www.youtube.com/channel/UCfv8TEQ44ej9uPGF-SNsDBA,8
https://www.youtube.com/channel/UCbeBCXpHr4t8BiaEKtMOCwg,bobik,https://www.youtube.com/channel/UCbeBCXpHr4t8BiaEKtMOCwg,1
https://www.youtube.com/channel/UCQQPPW2MPtIEjy8uWDLMIXg,Pangea DX,https://www.youtube.com/channel/UCQQPPW2MPtIEjy8uWDLMIXg,2
https://www.youtube.com/channel/UCkSDY7L1xmwAS2jmifzaUww,Alexandre Desplat - Topic,https://www.youtube.com/channel/UCkSDY7L1xmwAS2jmifzaUww,14
https://www.youtube.com/channel/UCp__zdLePO_HMrEBN13_iMw,LM R,https://www.youtube.com/channel/UCp__zdLePO_HMrEBN13_iMw,2
https://www.youtube.com/channel/UC9ytb5oEKF9dpFtB6CiDOFw,Burt Bacharach - Topic,https://www.youtube.com/channel/UC9ytb5oEKF9dpFtB6CiDOFw,7
https://www.youtube.com/channel/UCLHZxfGxWSGygGi3ZxaoW9A,DJ Agos - Topic,https://www.youtube.com/channel/UCLHZxfGxWSGygGi3ZxaoW9A,1
https://www.youtube.com/channel/UCopMe3p-Fgix5CqXfyBB3iQ,80's Greatest Hits - Topic,https://www.youtube.com/channel/UCopMe3p-Fgix5CqXfyBB3iQ,1
https://www.youtube.com/channel/UCck17QSvF2YiouTP7XHmXHg,Jackson Lewis - Topic,https://www.youtube.com/channel/UCck17QSvF2YiouTP7XHmXHg,6
https://www.youtube.com/channel/UC6z-x9CB30ahs8huQTToCrg,Rachel Hardy - Topic,https://www.youtube.com/channel/UC6z-x9CB30ahs8huQTToCrg,1
https://www.youtube.com/channel/UC9duDtEHzXm5ccSWB3DZYEA,The Paper Kites - Topic,https://www.youtube.com/channel/UC9duDtEHzXm5ccSWB3DZYEA,4
https://www.youtube.com/channel/UCuNTMHPl8dVBpJRtvygl-9A,Elliott Smith - Topic,https://www.youtube.com/channel/UCuNTMHPl8dVBpJRtvygl-9A,3
https://www.youtube.com/channel/UC1gCmbSRJUkA6bt0E4uwYsA,MrShihi,https://www.youtube.com/channel/UC1gCmbSRJUkA6bt0E4uwYsA,1
https://www.youtube.com/channel/UC2_BPnDmlcrRgxwqWa3nx1Q,Silent DJ - Topic,https://www.youtube.com/channel/UC2_BPnDmlcrRgxwqWa3nx1Q,4
https://www.youtube.com/channel/UCMwXzQYeZJ7ml7kQObcvXjA,Prateek Kuhad,https://www.youtube.com/channel/UCMwXzQYeZJ7ml7kQObcvXjA,4
https://www.youtube.com/channel/UCJ0uqCI0Vqr2Rrt1HseGirg,The Late Late Show with James Corden,https://www.youtube.com/channel/UCJ0uqCI0Vqr2Rrt1HseGirg,2
https://www.youtube.com/channel/UCYKF8xDQoRGUAFr867VQUTQ,Tory Lanez - Topic,https://www.youtube.com/channel/UCYKF8xDQoRGUAFr867VQUTQ,3
https://www.youtube.com/channel/UCAKAf5d5-O5t58gEjXhF3mg,Creative Chaos,https://www.youtube.com/channel/UCAKAf5d5-O5t58gEjXhF3mg,1
https://www.youtube.com/channel/UCQiH3xAP0i48o74BK6EBkMw,Eurythmics - Topic,https://www.youtube.com/channel/UCQiH3xAP0i48o74BK6EBkMw,1
https://www.youtube.com/channel/UCKoafhJ9dkAWaEvlXCiBBwA,BBCRadio1VEVO,https://www.youtube.com/channel/UCKoafhJ9dkAWaEvlXCiBBwA,9
https://www.youtube.com/channel/UCJtROTPxo3qnEzww8JyDxuA,Laufey - Topic,https://www.youtube.com/channel/UCJtROTPxo3qnEzww8JyDxuA,1
https://www.youtube.com/channel/UCa7Req2QScZfzxUYtmlAcyg,NoahKahanVEVO,https://www.youtube.com/channel/UCa7Req2QScZfzxUYtmlAcyg,2
https://www.youtube.com/channel/UCrP3Rfz32MT-OH9MZh_N9kA,Tom Odell - Topic,https://www.youtube.com/channel/UCrP3Rfz32MT-OH9MZh_N9kA,5
https://www.youtube.com/channel/UCXY5pi3MbsaP1WEgClmglsA,Noah Kahan,https://www.youtube.com/channel/UCXY5pi3MbsaP1WEgClmglsA,5
https://www.youtube.com/channel/UCW1Hyg5aFDtKVYdyZ9CJyzw,The Circle Sessions,https://www.youtube.com/channel/UCW1Hyg5aFDtKVYdyZ9CJyzw,1
https://www.youtube.com/channel/UCZtDUmC3W7j25XHZWFT_XgQ,BBC Music,https://www.youtube.com/channel/UCZtDUmC3W7j25XHZWFT_XgQ,1
https://www.youtube.com/channel/UC52xilymw0N3P8Q2JWMAEdw,Manchester Orchestra - Topic,https://www.youtube.com/channel/UC52xilymw0N3P8Q2JWMAEdw,2
https://www.youtube.com/channel/UCexmZthnclJW1aM_o02t5qw,Carly Rae Jepsen - Topic,https://www.youtube.com/channel/UCexmZthnclJW1aM_o02t5qw,5
https://www.youtube.com/channel/UCcOvXhB6k11aVrsT05oeqqg,Waxahatchee - Topic,https://www.youtube.com/channel/UCcOvXhB6k11aVrsT05oeqqg,1
https://www.youtube.com/channel/UCo3dP7qmlYNXKO38yySErpw,The Aces - Topic,https://www.youtube.com/channel/UCo3dP7qmlYNXKO38yySErpw,1
https://www.youtube.com/channel/UCcIU9xhkIqW0oQh-xJpJTZQ,Wallows - Topic,https://www.youtube.com/channel/UCcIU9xhkIqW0oQh-xJpJTZQ,1
https://www.youtube.com/channel/UCyWFgkMkfjGEetxq3IXIHzw,Lauren Aquilina - Topic,https://www.youtube.com/channel/UCyWFgkMkfjGEetxq3IXIHzw,1
https://www.youtube.com/channel/UC4I8aMvF6G_x6n-1ZWnlq1Q,Bleachers - Topic,https://www.youtube.com/channel/UC4I8aMvF6G_x6n-1ZWnlq1Q,1
https://www.youtube.com/channel/UCd_n8stH6yKvBJE3XjotSaw,Shiny Toy Guns - Topic,https://www.youtube.com/channel/UCd_n8stH6yKvBJE3XjotSaw,1
https://www.youtube.com/channel/UCwuxw0gmVai9YrXcDpv9tMA,Dave Thomas Junior - Topic,https://www.youtube.com/channel/UCwuxw0gmVai9YrXcDpv9tMA,4
https://www.youtube.com/channel/UCsYhWrfH7xuS3XvtvMqsi-g,iamamiwhoami - Topic,https://www.youtube.com/channel/UCsYhWrfH7xuS3XvtvMqsi-g,1
https://www.youtube.com/channel/UCIDSair2wlrCB6DJJir7siQ,Alba August - Topic,https://www.youtube.com/channel/UCIDSair2wlrCB6DJJir7siQ,1
https://www.youtube.com/channel/UCHa3H70CsNHC_2htqz9sNyg,Lucy Rose - Topic,https://www.youtube.com/channel/UCHa3H70CsNHC_2htqz9sNyg,1
https://www.youtube.com/channel/UCAFnMoJYpjrH6-HB6Gzl--A,The Beaches - Topic,https://www.youtube.com/channel/UCAFnMoJYpjrH6-HB6Gzl--A,1
https://www.youtube.com/channel/UCxUTLbpwMNwO6g8kx-BHdQg,HAIM - Topic,https://www.youtube.com/channel/UCxUTLbpwMNwO6g8kx-BHdQg,2
https://www.youtube.com/channel/UCDzDFdo40B2nnSyvZv51x2Q,Sarah Kinsley - Topic,https://www.youtube.com/channel/UCDzDFdo40B2nnSyvZv51x2Q,1
https://www.youtube.com/channel/UC6fRuDVn4tzgodM-eBcevPA,Kira - Topic,https://www.youtube.com/channel/UC6fRuDVn4tzgodM-eBcevPA,1
https://www.youtube.com/channel/UCFlxRF34g1ujKS3XX62X_cg,MICHELLE - Topic,https://www.youtube.com/channel/UCFlxRF34g1ujKS3XX62X_cg,1
https://www.youtube.com/channel/UCvInFYiyeAJOGEjhqJnyaMA,CHVRCHES - Topic,https://www.youtube.com/channel/UCvInFYiyeAJOGEjhqJnyaMA,1
https://www.youtube.com/channel/UCYxoVvpkCzLvm1ec5EcgeCw,Big Red Machine - Topic,https://www.youtube.com/channel/UCYxoVvpkCzLvm1ec5EcgeCw,1
https://www.youtube.com/channel/UCUFlCZREP64SC3TLFrvbNTg,Peter Cat Recording Co. - Topic,https://www.youtube.com/channel/UCUFlCZREP64SC3TLFrvbNTg,1
https://www.youtube.com/channel/UCH5XY8KYoM5Vu6tQ4MuInAQ,The F16s - Topic,https://www.youtube.com/channel/UCH5XY8KYoM5Vu6tQ4MuInAQ,2
https://www.youtube.com/channel/UCyLlLf_1tSPom7l71lub4BA,Bappi Lahiri - Topic,https://www.youtube.com/channel/UCyLlLf_1tSPom7l71lub4BA,2
https://www.youtube.com/channel/UCbAPa6a1hFOsvl1AABJ2QUw,y,https://www.youtube.com/channel/UCbAPa6a1hFOsvl1AABJ2QUw,1
https://www.youtube.com/channel/UC5xaQ6_dP7EGDmGLzVGZ1Ow,Morgan Wallen - Topic,https://www.youtube.com/channel/UC5xaQ6_dP7EGDmGLzVGZ1Ow,2
https://www.youtube.com/channel/UCVCBw_oVGviwBlNtLY5wYEw,Monolink - Topic,https://www.youtube.com/channel/UCVCBw_oVGviwBlNtLY5wYEw,2
https://www.youtube.com/channel/UCFeCzD2Fqr3jlMcGTt0Jnlg,NIKI - Topic,https://www.youtube.com/channel/UCFeCzD2Fqr3jlMcGTt0Jnlg,2
https://www.youtube.com/channel/UCHG91TZ3WrWbZGD5sbkXsxg,Kim Petras - Topic,https://www.youtube.com/channel/UCHG91TZ3WrWbZGD5sbkXsxg,1
https://www.youtube.com/channel/UCrqLG11GjSzO5bVYzXIF8CA,Alessia Cara - Topic,https://www.youtube.com/channel/UCrqLG11GjSzO5bVYzXIF8CA,1
https://www.youtube.com/channel/UCXsen2Eqwx-Et8OsB4WAWpQ,Sigrid - Topic,https://www.youtube.com/channel/UCXsen2Eqwx-Et8OsB4WAWpQ,2
https://www.youtube.com/channel/UCdqVJGXGx0hlifG5BbjZ38A,Robot Koch - Topic,https://www.youtube.com/channel/UCdqVJGXGx0hlifG5BbjZ38A,1
https://www.youtube.com/channel/UC1xUPKrZcivK-q-v-HHH9VA,Henry Moodie - Topic,https://www.youtube.com/channel/UC1xUPKrZcivK-q-v-HHH9VA,2
https://www.youtube.com/channel/UCh2eJEeu9uF2iwSwNrk2Iiw,hunnybunny - Topic,https://www.youtube.com/channel/UCh2eJEeu9uF2iwSwNrk2Iiw,1
https://www.youtube.com/channel/UCrEU13hVuplH77G959QxvJg,Ingrid Michaelson - Topic,https://www.youtube.com/channel/UCrEU13hVuplH77G959QxvJg,2
https://www.youtube.com/channel/UCC4nX2ydU9mM6mFYu7_Nomg,Shruti Pathak - Topic,https://www.youtube.com/channel/UCC4nX2ydU9mM6mFYu7_Nomg,1
https://www.youtube.com/channel/UCkrWmH5EFRSbHCVwDO7dGWg,Anupam Amod - Topic,https://www.youtube.com/channel/UCkrWmH5EFRSbHCVwDO7dGWg,1
https://www.youtube.com/channel/UCS28i-Qt8HMXYjTpjIhi7GA,Sreerama Chandra - Topic,https://www.youtube.com/channel/UCS28i-Qt8HMXYjTpjIhi7GA,1
https://www.youtube.com/channel/UCdyQKtIee3bENaAeKbVHVLw,Neha Bhasin - Topic,https://www.youtube.com/channel/UCdyQKtIee3bENaAeKbVHVLw,3
https://www.youtube.com/channel/UCDIvN6MXhLvlqv2k1Iyn1LQ,Abhilasha Sinha - Topic,https://www.youtube.com/channel/UCDIvN6MXhLvlqv2k1Iyn1LQ,5
https://www.youtube.com/channel/UCn9CRqI75fDZVpKxP8bH2uA,Mimi Webb - Topic,https://www.youtube.com/channel/UCn9CRqI75fDZVpKxP8bH2uA,1
https://www.youtube.com/channel/UC0In8FWcL-8qucn9lyadJJg,Hayd - Topic,https://www.youtube.com/channel/UC0In8FWcL-8qucn9lyadJJg,5
https://www.youtube.com/channel/UCILdfzf4yvWOk8Zmcx2mm7g,Maggie Rogers - Topic,https://www.youtube.com/channel/UCILdfzf4yvWOk8Zmcx2mm7g,1
https://www.youtube.com/channel/UCZcc-WkffIMBVGUr6j9e6aQ,Daya - Topic,https://www.youtube.com/channel/UCZcc-WkffIMBVGUr6j9e6aQ,2
https://www.youtube.com/channel/UC8MtL8JEv9VHEU_ICCNplPA,Zach Bryan - Topic,https://www.youtube.com/channel/UC8MtL8JEv9VHEU_ICCNplPA,1
https://www.youtube.com/channel/UCu6u1pI2kJBvRr5BB0h_vwA,elijah woods - Topic,https://www.youtube.com/channel/UCu6u1pI2kJBvRr5BB0h_vwA,1
https://www.youtube.com/channel/UCW0pwDavzOPIeqCDPDDZwtw,Thelma Plum - Topic,https://www.youtube.com/channel/UCW0pwDavzOPIeqCDPDDZwtw,1
https://www.youtube.com/channel/UCUlTyoiUjykZj7ZReC0bF0g,P!nk - Topic,https://www.youtube.com/channel/UCUlTyoiUjykZj7ZReC0bF0g,1
https://www.youtube.com/channel/UClhKf5ff3Q7BBtcNaU7Q2lQ,Various Artists - Topic,https://www.youtube.com/channel/UClhKf5ff3Q7BBtcNaU7Q2lQ,1
https://www.youtube.com/channel/UCDOu5-ULQYv-VR0NX1RirJg,Yehra - Topic,https://www.youtube.com/channel/UCDOu5-ULQYv-VR0NX1RirJg,2
https://www.youtube.com/channel/UCrshtfBbSM3F9YE8OrZx8DA,Various Artists - Topic,https://www.youtube.com/channel/UCrshtfBbSM3F9YE8OrZx8DA,1
https://www.youtube.com/channel/UCgpBsaDW2n_6ruzht3wvP0A,Sam Smith - Topic,https://www.youtube.com/channel/UCgpBsaDW2n_6ruzht3wvP0A,1
https://www.youtube.com/channel/UCz86IA7ooUetFnUGa_YlsVw,Tate McRae - Topic,https://www.youtube.com/channel/UCz86IA7ooUetFnUGa_YlsVw,4
https://www.youtube.com/channel/UCfFquIgUtZQ2MmgC7BToTNg,Plumb - Topic,https://www.youtube.com/channel/UCfFquIgUtZQ2MmgC7BToTNg,2
https://www.youtube.com/channel/UCO2KEHgiHiRm_RXyasQhi0g,Zella Day - Topic,https://www.youtube.com/channel/UCO2KEHgiHiRm_RXyasQhi0g,1
https://www.youtube.com/channel/UCs_thZ6oUaAptN71DQwBKgw,Sheryl Crow - Topic,https://www.youtube.com/channel/UCs_thZ6oUaAptN71DQwBKgw,1
https://www.youtube.com/channel/UCxEf_95JFNMrmkWb6b3jasw,Foxes - Topic,https://www.youtube.com/channel/UCxEf_95JFNMrmkWb6b3jasw,1
https://www.youtube.com/channel/UCWpboH7Gh3oYyZaQpw-hSjg,Kelsey Waters - Topic,https://www.youtube.com/channel/UCWpboH7Gh3oYyZaQpw-hSjg,1
https://www.youtube.com/channel/UCqWx-Zlnt0wv-7ziGjA-f6w,Elle King - Topic,https://www.youtube.com/channel/UCqWx-Zlnt0wv-7ziGjA-f6w,1
https://www.youtube.com/channel/UCivGbGUwwnfiZeOczhIIN3w,Reneé Rapp - Topic,https://www.youtube.com/channel/UCivGbGUwwnfiZeOczhIIN3w,1
https://www.youtube.com/channel/UCbDizOzZ4qTxDBAVc5xbbAw,Father John Misty - Topic,https://www.youtube.com/channel/UCbDizOzZ4qTxDBAVc5xbbAw,1
https://www.youtube.com/channel/UCijd49m4di61QrmcZvxFDFw,Gin Wigmore - Topic,https://www.youtube.com/channel/UCijd49m4di61QrmcZvxFDFw,1
https://www.youtube.com/channel/UCypJMo2Ed63_4gvbtwkrgVw,Julia Jacklin - Topic,https://www.youtube.com/channel/UCypJMo2Ed63_4gvbtwkrgVw,1
https://www.youtube.com/channel/UCUnDWqHd2dc5tj40OlUbaHA,Beyhude - Topic,https://www.youtube.com/channel/UCUnDWqHd2dc5tj40OlUbaHA,1
https://www.youtube.com/channel/UCGr1UQ4CwzRMmYoQfHQQWTg,d4vd - Topic,https://www.youtube.com/channel/UCGr1UQ4CwzRMmYoQfHQQWTg,13
https://www.youtube.com/channel/UCOh5huvNMvqDmTg6TeEwW0g,unions - Topic,https://www.youtube.com/channel/UCOh5huvNMvqDmTg6TeEwW0g,2
https://www.youtube.com/channel/UCKOCtwOBPvPoYK-2s0NtoaA,Melissa Helser - Topic,https://www.youtube.com/channel/UCKOCtwOBPvPoYK-2s0NtoaA,2
https://www.youtube.com/channel/UC1iwyfFGe60tleg8d3-mA5A,Joshua Radin - Topic,https://www.youtube.com/channel/UC1iwyfFGe60tleg8d3-mA5A,1
https://www.youtube.com/channel/UCP86bswr5bclI4YTihJ8haQ,Angus & Julia Stone - Topic,https://www.youtube.com/channel/UCP86bswr5bclI4YTihJ8haQ,2
https://www.youtube.com/channel/UCM5S3f40TG-hBSTrMgXBt1g,Siobhán Winifred - Topic,https://www.youtube.com/channel/UCM5S3f40TG-hBSTrMgXBt1g,1
https://www.youtube.com/channel/UCpDeVtFgNq1IwgajNI9Jkzg,Elinborg - Topic,https://www.youtube.com/channel/UCpDeVtFgNq1IwgajNI9Jkzg,1
https://www.youtube.com/channel/UCqqY2nAz23oGDMNdiDzKdsA,Mitski - Topic,https://www.youtube.com/channel/UCqqY2nAz23oGDMNdiDzKdsA,2
https://www.youtube.com/channel/UCYsxtAyJvtvuSbr4ahBq_IQ,Dresage - Topic,https://www.youtube.com/channel/UCYsxtAyJvtvuSbr4ahBq_IQ,1
https://www.youtube.com/channel/UCd_j6eTI_CBlgqtK4RPIj0Q,Joshua Bassett - Topic,https://www.youtube.com/channel/UCd_j6eTI_CBlgqtK4RPIj0Q,1
https://www.youtube.com/channel/UCjcsRd901P_yGWsDcb-0oLg,Kathleen - Topic,https://www.youtube.com/channel/UCjcsRd901P_yGWsDcb-0oLg,1
https://www.youtube.com/channel/UChxHCt_gWE3uZ5ps0MSzlAQ,Kenya Grace - Topic,https://www.youtube.com/channel/UChxHCt_gWE3uZ5ps0MSzlAQ,1
https://www.youtube.com/channel/UCvJfyIy1UiXRWL7Ks1HOy3g,Anna Mae - Topic,https://www.youtube.com/channel/UCvJfyIy1UiXRWL7Ks1HOy3g,1
https://www.youtube.com/channel/UC1gXK5ZV0phthXSPLZLC9-g,David Kushner - Topic,https://www.youtube.com/channel/UC1gXK5ZV0phthXSPLZLC9-g,2
https://www.youtube.com/channel/UCYys9mPSrkzwsaxyUVVkKnA,Sky Li - Topic,https://www.youtube.com/channel/UCYys9mPSrkzwsaxyUVVkKnA,2
https://www.youtube.com/channel/UCI5mzR61aKj6EQLpce3xI2Q,Avery Lynch - Topic,https://www.youtube.com/channel/UCI5mzR61aKj6EQLpce3xI2Q,3
https://www.youtube.com/channel/UC6Gp7glWcQr1cbhzQNUomDA,Echosmith - Topic,https://www.youtube.com/channel/UC6Gp7glWcQr1cbhzQNUomDA,1
https://www.youtube.com/channel/UClNHC277-yf5eFNBE4yomJQ,Natalie Taylor - Topic,https://www.youtube.com/channel/UClNHC277-yf5eFNBE4yomJQ,2
https://www.youtube.com/channel/UCYV24EkgVGFWNGP_WVzhvJg,Jenny & Tyler - Topic,https://www.youtube.com/channel/UCYV24EkgVGFWNGP_WVzhvJg,2
https://www.youtube.com/channel/UCmQjvsVI4XpD_CdvkquAI-w,Laura Welsh - Topic,https://www.youtube.com/channel/UCmQjvsVI4XpD_CdvkquAI-w,2
https://www.youtube.com/channel/UCwnpF_JVrnZLQx3dnDZPMBQ,UNSECRET - Topic,https://www.youtube.com/channel/UCwnpF_JVrnZLQx3dnDZPMBQ,1
https://www.youtube.com/channel/UCSY_DrB_5EO12yhcKX-VXCg,Soham Chakraborty - Topic,https://www.youtube.com/channel/UCSY_DrB_5EO12yhcKX-VXCg,1
https://www.youtube.com/channel/UCHPDd_pJN16sxT2m8COwLmQ,Kendra Dantes - Topic,https://www.youtube.com/channel/UCHPDd_pJN16sxT2m8COwLmQ,1
https://www.youtube.com/channel/UCyMtG2knxBZDOK_DRmcTaEA,Nobody's Wolf Child - Topic,https://www.youtube.com/channel/UCyMtG2knxBZDOK_DRmcTaEA,1
https://www.youtube.com/channel/UCPmIvrVmWKTMay6DFIsJA1Q,machineheart - Topic,https://www.youtube.com/channel/UCPmIvrVmWKTMay6DFIsJA1Q,1
https://www.youtube.com/channel/UC93QsTG5LEfU3zpP87XvQSA,Julien Baker - Topic,https://www.youtube.com/channel/UC93QsTG5LEfU3zpP87XvQSA,1
https://www.youtube.com/channel/UCQ6DKofMF70A2PVMuMLjgPg,Lady A - Topic,https://www.youtube.com/channel/UCQ6DKofMF70A2PVMuMLjgPg,1
https://www.youtube.com/channel/UCsxobpd4JlrKwXdfUNnz_vw,Raju Singh - Topic,https://www.youtube.com/channel/UCsxobpd4JlrKwXdfUNnz_vw,5
https://www.youtube.com/channel/UC3CyxyxdZLGrcpHUuaZolVw,grentperez - Topic,https://www.youtube.com/channel/UC3CyxyxdZLGrcpHUuaZolVw,1
https://www.youtube.com/channel/UCdFx6Sk-JUFmIH4LIxV9Kpg,Hollow Coves - Topic,https://www.youtube.com/channel/UCdFx6Sk-JUFmIH4LIxV9Kpg,1
https://www.youtube.com/channel/UCSTmUeolNHSGw2-qjAQTzHg,Weston Estate - Topic,https://www.youtube.com/channel/UCSTmUeolNHSGw2-qjAQTzHg,1
https://www.youtube.com/channel/UCAD0nONt_CXY913TBm3jqIQ,Nick Jonas - Topic,https://www.youtube.com/channel/UCAD0nONt_CXY913TBm3jqIQ,3
https://www.youtube.com/channel/UCQmNiXx378nooDuZPA2fTAg,AP Dhillon - Topic,https://www.youtube.com/channel/UCQmNiXx378nooDuZPA2fTAg,10
https://www.youtube.com/channel/UCTvkRpya8XaedUcPrzmwBgQ,Sachin Sanghvi - Topic,https://www.youtube.com/channel/UCTvkRpya8XaedUcPrzmwBgQ,3
https://www.youtube.com/channel/UCl4iPtukwe7m0kIxUMskkgA,S. P. Balasubrahmanyam - Topic,https://www.youtube.com/channel/UCl4iPtukwe7m0kIxUMskkgA,1
https://www.youtube.com/channel/UCfpl_hxD0e5KeP0qhTd7PCg,Gravero - Topic,https://www.youtube.com/channel/UCfpl_hxD0e5KeP0qhTd7PCg,2
https://www.youtube.com/channel/UC8TWHe59-j1iQaNASE7-LPw,Lijo George - Topic,https://www.youtube.com/channel/UC8TWHe59-j1iQaNASE7-LPw,2
https://www.youtube.com/channel/UCE2Nm1Ep8Dz4vwnOc6xXqBQ,Palak Muchhal - Topic,https://www.youtube.com/channel/UCE2Nm1Ep8Dz4vwnOc6xXqBQ,1
https://www.youtube.com/channel/UCtNf42Ho0mm0yNDNlhXA7bw,Brijesh Shandilya - Topic,https://www.youtube.com/channel/UCtNf42Ho0mm0yNDNlhXA7bw,1
https://www.youtube.com/channel/UCOuNj0gpanrQAy-jVdefwvQ,Lehmber Hussainpuri - Topic,https://www.youtube.com/channel/UCOuNj0gpanrQAy-jVdefwvQ,1
https://www.youtube.com/channel/UC3DAnn1rP3fmqrSibefQssw,Hrishikesh Kamerkar - Topic,https://www.youtube.com/channel/UC3DAnn1rP3fmqrSibefQssw,1
https://www.youtube.com/channel/UC3eFGgfV2cvYB_0cQnh_omg,Jonita Gandhi - Topic,https://www.youtube.com/channel/UC3eFGgfV2cvYB_0cQnh_omg,1
https://www.youtube.com/channel/UCJfH2PvOkxmlMTvLV6M6SDw,Various Artists - Topic,https://www.youtube.com/channel/UCJfH2PvOkxmlMTvLV6M6SDw,1
https://www.youtube.com/channel/UCXf51xfJtGrVzJ87t28NuuQ,Monali Thakur - Topic,https://www.youtube.com/channel/UCXf51xfJtGrVzJ87t28NuuQ,2
https://www.youtube.com/channel/UCQUuII0GGl-mfQG9N0b1QIQ,Anushka Manchanda - Topic,https://www.youtube.com/channel/UCQUuII0GGl-mfQG9N0b1QIQ,3
https://www.youtube.com/channel/UCm5qeha0w05KKH-CCtkKMqA,Ikka - Topic,https://www.youtube.com/channel/UCm5qeha0w05KKH-CCtkKMqA,1
https://www.youtube.com/channel/UCRtHKXVBQcsjU3UUMdUJs2Q,Sandesh Shandilya - Topic,https://www.youtube.com/channel/UCRtHKXVBQcsjU3UUMdUJs2Q,1
https://www.youtube.com/channel/UCadFqRCWKxAw0TEyXJAYi6A,Shefali Alvares - Topic,https://www.youtube.com/channel/UCadFqRCWKxAw0TEyXJAYi6A,1
https://www.youtube.com/channel/UClkAkhxJ_6TVIQQa750j1iw,Vishal Bhardwaj - Topic,https://www.youtube.com/channel/UClkAkhxJ_6TVIQQa750j1iw,1
https://www.youtube.com/channel/UCG_7b-O0Yi_uehOYN901DhQ,Amrita Kak - Topic,https://www.youtube.com/channel/UCG_7b-O0Yi_uehOYN901DhQ,1
https://www.youtube.com/channel/UC-N94lq6ncA1oR80sACQ5ZA,Various Artists - Topic,https://www.youtube.com/channel/UC-N94lq6ncA1oR80sACQ5ZA,1
https://www.youtube.com/channel/UCxYuCaF8rWfk3ynxZ9Y4SAQ,Akshay Verma - Topic,https://www.youtube.com/channel/UCxYuCaF8rWfk3ynxZ9Y4SAQ,1
https://www.youtube.com/channel/UCFL4uh-6wkdWgalGZpJTdKA,Imran Aziz Mian - Topic,https://www.youtube.com/channel/UCFL4uh-6wkdWgalGZpJTdKA,1
https://www.youtube.com/channel/UC0XjRJBwIfA63JMlGFKjg4A,Daler Mehndi - Topic,https://www.youtube.com/channel/UC0XjRJBwIfA63JMlGFKjg4A,1
https://www.youtube.com/channel/UCmfeUZ4pVIyblvupdds6-Mg,Abhishek Bachchan - Topic,https://www.youtube.com/channel/UCmfeUZ4pVIyblvupdds6-Mg,1
https://www.youtube.com/channel/UCFNqg729cnCwN8QstFTb3cg,The Doorbeen - Topic,https://www.youtube.com/channel/UCFNqg729cnCwN8QstFTb3cg,1
https://www.youtube.com/channel/UCXPGtdQ4Q-Fvhh8D_qSkclg,Pardeep Sran - Topic,https://www.youtube.com/channel/UCXPGtdQ4Q-Fvhh8D_qSkclg,1
https://www.youtube.com/channel/UC0-Jqd8gRqa5RkQGmfJUFTg,Parampara Thakur - Topic,https://www.youtube.com/channel/UC0-Jqd8gRqa5RkQGmfJUFTg,1
https://www.youtube.com/channel/UCpN8kCE413nZUgiYE70xluA,Kanika Kapoor - Topic,https://www.youtube.com/channel/UCpN8kCE413nZUgiYE70xluA,1
https://www.youtube.com/channel/UCJ2m-WpROlZCiZZID9r7NSQ,Diljit Dosanjh - Topic,https://www.youtube.com/channel/UCJ2m-WpROlZCiZZID9r7NSQ,1
https://www.youtube.com/channel/UCdvN5u5y9LQQ3Zgm1zczmhg,Akhtar Chanal Zahri - Topic,https://www.youtube.com/channel/UCdvN5u5y9LQQ3Zgm1zczmhg,1
https://www.youtube.com/channel/UC6fRvmAaL3a02VYZbHPkq6A,Sanjay Leela Bhansali - Topic,https://www.youtube.com/channel/UC6fRvmAaL3a02VYZbHPkq6A,1
https://www.youtube.com/channel/UC13ToEQgfmTe8_GW19LYtCg,Udit Narayan - Topic,https://www.youtube.com/channel/UC13ToEQgfmTe8_GW19LYtCg,1
https://www.youtube.com/channel/UC6xM_VzyJ68jWI6x_oTTNmQ,Sneha Pant - Topic,https://www.youtube.com/channel/UC6xM_VzyJ68jWI6x_oTTNmQ,1
https://www.youtube.com/channel/UCFDWzvAKhh_lQ9ckpeOdfGA,Himesh Reshammiya - Topic,https://www.youtube.com/channel/UCFDWzvAKhh_lQ9ckpeOdfGA,1
https://www.youtube.com/channel/UC5p7CfQMfhI7KVI4o137CXw,Jasbir Jassi - Topic,https://www.youtube.com/channel/UC5p7CfQMfhI7KVI4o137CXw,1
https://www.youtube.com/channel/UClTu6nYJV1vWPDSav5twrUw,Sanah Moidutty - Topic,https://www.youtube.com/channel/UClTu6nYJV1vWPDSav5twrUw,1
https://www.youtube.com/channel/UCLKeDRt6Wj2kyUvyWxGtd6w,Zack Knight - Topic,https://www.youtube.com/channel/UCLKeDRt6Wj2kyUvyWxGtd6w,1
https://www.youtube.com/channel/UCYzqc5Ol78y4a0m09ev87XQ,Sonia Sharma - Topic,https://www.youtube.com/channel/UCYzqc5Ol78y4a0m09ev87XQ,1
https://www.youtube.com/channel/UCoUueF3OL9dGVLwhlTKxSpw,Sukhwinder Singh - Topic,https://www.youtube.com/channel/UCoUueF3OL9dGVLwhlTKxSpw,1
https://www.youtube.com/channel/UCyZRiSFMKQW5gM-Eq1EzJGA,Javed Ali - Topic,https://www.youtube.com/channel/UCyZRiSFMKQW5gM-Eq1EzJGA,1
https://www.youtube.com/channel/UCcMEdmRFvLne8i-Tft1R68g,Meet Bros. - Topic,https://www.youtube.com/channel/UCcMEdmRFvLne8i-Tft1R68g,1
https://www.youtube.com/channel/UCFGkroZ1QCKN6xD9kewquYQ,Amit Gupta - Topic,https://www.youtube.com/channel/UCFGkroZ1QCKN6xD9kewquYQ,1
https://www.youtube.com/channel/UCJ4UzaN1HWo-V6LKZ7Mho8g,Manish Kumar Tipu - Topic,https://www.youtube.com/channel/UCJ4UzaN1HWo-V6LKZ7Mho8g,1
https://www.youtube.com/channel/UCWP1mWwsES6Q25O7peD3Bpg,Dev Negi - Topic,https://www.youtube.com/channel/UCWP1mWwsES6Q25O7peD3Bpg,1
https://www.youtube.com/channel/UCyivqflQvGUS6OR2Ec5cAwg,Sona Mohapatra - Topic,https://www.youtube.com/channel/UCyivqflQvGUS6OR2Ec5cAwg,5
https://www.youtube.com/channel/UCdyzle9KCTbBVkTyZxsP9UQ,Rabiul Rhmn - Topic,https://www.youtube.com/channel/UCdyzle9KCTbBVkTyZxsP9UQ,3
https://www.youtube.com/channel/UC5pshZP4CisFX-tBIiBrtlw,Zach Seabaugh - Topic,https://www.youtube.com/channel/UC5pshZP4CisFX-tBIiBrtlw,1
https://www.youtube.com/channel/UCPkmZgQzhO9rmhlhZ-oId6A,Luke Hemmings - Topic,https://www.youtube.com/channel/UCPkmZgQzhO9rmhlhZ-oId6A,1
https://www.youtube.com/channel/UCHPH7e7aqVvGylhwkVMnrNg,Arjun Kanungo - Topic,https://www.youtube.com/channel/UCHPH7e7aqVvGylhwkVMnrNg,1
https://www.youtube.com/channel/UCrXLBzKiBuW12uroE2nvD0w,Ved Sharma - Topic,https://www.youtube.com/channel/UCrXLBzKiBuW12uroE2nvD0w,1
https://www.youtube.com/channel/UCRUq1Vg289WgemqAEP-slBg,Gajendra Verma - Topic,https://www.youtube.com/channel/UCRUq1Vg289WgemqAEP-slBg,1
https://www.youtube.com/channel/UCexov5cPsSaOLqUEUiy1z-g,Dhvani Bhanushali - Topic,https://www.youtube.com/channel/UCexov5cPsSaOLqUEUiy1z-g,1
https://www.youtube.com/channel/UCXgexS6EW1iew6Fbi76vB0Q,Daddy's Girl - Topic,https://www.youtube.com/channel/UCXgexS6EW1iew6Fbi76vB0Q,1
https://www.youtube.com/channel/UCpn3eHEK16TXLs2XZrJkZnA,Luke Chiang - Topic,https://www.youtube.com/channel/UCpn3eHEK16TXLs2XZrJkZnA,1
https://www.youtube.com/channel/UC81J2qJnRiqG_EfXG75xHRg,Lewis Watson - Topic,https://www.youtube.com/channel/UC81J2qJnRiqG_EfXG75xHRg,1
https://www.youtube.com/channel/UC55V69aW9X1aHFpjCWRL_iQ,Various Artists - Topic,https://www.youtube.com/channel/UC55V69aW9X1aHFpjCWRL_iQ,1
https://www.youtube.com/channel/UCUX33Yo_evJO_muD0MCpZeg,Cliff - Topic,https://www.youtube.com/channel/UCUX33Yo_evJO_muD0MCpZeg,1
https://www.youtube.com/channel/UCfBuLvTNdCpszQFtjUyMKAg,Before You Exit - Topic,https://www.youtube.com/channel/UCfBuLvTNdCpszQFtjUyMKAg,1
https://www.youtube.com/channel/UChqrAN6m-_6JWWwgdVa2auw,Small Forward - Topic,https://www.youtube.com/channel/UChqrAN6m-_6JWWwgdVa2auw,1
https://www.youtube.com/channel/UCj1uiknJD3xDS1WjZrxVZ4w,Daniel Leggs - Topic,https://www.youtube.com/channel/UCj1uiknJD3xDS1WjZrxVZ4w,1
https://www.youtube.com/channel/UC2mjr9vlEuTTPKmd45J3V9A,Richard Walters - Topic,https://www.youtube.com/channel/UC2mjr9vlEuTTPKmd45J3V9A,1
https://www.youtube.com/channel/UC_fpb9pouAnAjvRyESHjlTw,Bertie Newman - Topic,https://www.youtube.com/channel/UC_fpb9pouAnAjvRyESHjlTw,1
https://www.youtube.com/channel/UCXi-Rme73-wjVK5IE78a3SQ,Joji - Topic,https://www.youtube.com/channel/UCXi-Rme73-wjVK5IE78a3SQ,3
https://www.youtube.com/channel/UCDfOHemZ_dy1c6pEf3DiToA,Rono - Topic,https://www.youtube.com/channel/UCDfOHemZ_dy1c6pEf3DiToA,2
https://www.youtube.com/channel/UCIzEvQ6PlJ9XxeDrT9jEBTA,Foster the People - Topic,https://www.youtube.com/channel/UCIzEvQ6PlJ9XxeDrT9jEBTA,1
https://www.youtube.com/channel/UCGEfxrwIPBuRqxeh-3JUSkg,Billy Joel - Topic,https://www.youtube.com/channel/UCGEfxrwIPBuRqxeh-3JUSkg,1
https://www.youtube.com/channel/UCqEXScqg1GSbu6PNfFJRskw,Umer Farooq - Topic,https://www.youtube.com/channel/UCqEXScqg1GSbu6PNfFJRskw,1
https://www.youtube.com/channel/UCfgmSmdaYvNi2g7-VyGlEcg,The Head and the Heart - Topic,https://www.youtube.com/channel/UCfgmSmdaYvNi2g7-VyGlEcg,1
https://www.youtube.com/channel/UCSmK5WX5U4gdtebWjoL81og,Karan Aujla - Topic,https://www.youtube.com/channel/UCSmK5WX5U4gdtebWjoL81og,1
https://www.youtube.com/channel/UCo1DYcm1IZ9v3UPkpiAcgtg,"Tyler, The Creator - Topic",https://www.youtube.com/channel/UCo1DYcm1IZ9v3UPkpiAcgtg,2
https://www.youtube.com/channel/UC5kvtZS3FjPT9tPSvKKoYyQ,Ash King - Topic,https://www.youtube.com/channel/UC5kvtZS3FjPT9tPSvKKoYyQ,1
https://www.youtube.com/channel/UCad1W9bAV_G88eu6YoWCZ_Q,MCXMAS - Topic,https://www.youtube.com/channel/UCad1W9bAV_G88eu6YoWCZ_Q,1
https://www.youtube.com/channel/UCpXP9-cHlJCMapSYCSZThbw,Kelly Clarkson - Topic,https://www.youtube.com/channel/UCpXP9-cHlJCMapSYCSZThbw,1
https://www.youtube.com/channel/UCStgAZ6AgPChfQMupD8luGQ,Rashid Khan  - Topic,https://www.youtube.com/channel/UCStgAZ6AgPChfQMupD8luGQ,3
https://www.youtube.com/channel/UCFFbwnve3yF62-tVXkTyHqg,Zee Music Company,https://www.youtube.com/channel/UCFFbwnve3yF62-tVXkTyHqg,4
https://www.youtube.com/channel/UCyHm8owmK-2mvugXLyn0VWw,The Rembrandts - Topic,https://www.youtube.com/channel/UCyHm8owmK-2mvugXLyn0VWw,1
https://www.youtube.com/channel/UCJw8VyO6e3v6S0327AsgwcQ,Pharrell Williams - Topic,https://www.youtube.com/channel/UCJw8VyO6e3v6S0327AsgwcQ,1
https://www.youtube.com/channel/UCm9XijVCOsRrxdx0giD_1fQ,Mark Ronson - Topic,https://www.youtube.com/channel/UCm9XijVCOsRrxdx0giD_1fQ,1
https://www.youtube.com/channel/UC824jbNWWDR-NBv8wuE-OUg,Lost Frequencies - Topic,https://www.youtube.com/channel/UC824jbNWWDR-NBv8wuE-OUg,1
https://www.youtube.com/channel/UCl5p1gD46TZVsoQmM8VZ2gQ,Swedish House Mafia - Topic,https://www.youtube.com/channel/UCl5p1gD46TZVsoQmM8VZ2gQ,2
https://www.youtube.com/channel/UCaXJEi-wOOVe2eZZHzyz4mQ,Alan Walker - Topic,https://www.youtube.com/channel/UCaXJEi-wOOVe2eZZHzyz4mQ,1
https://www.youtube.com/channel/UCLahs8Ln4PYgXR5bWup7nUQ,Cartoon - Topic,https://www.youtube.com/channel/UCLahs8Ln4PYgXR5bWup7nUQ,1
https://www.youtube.com/channel/UCybXX8SWiwzQ0WUNBcD83zg,ADONA - Topic,https://www.youtube.com/channel/UCybXX8SWiwzQ0WUNBcD83zg,1
https://www.youtube.com/channel/UCwU0te33e8gwkQOtvCLuUJw,Blü Eyes - Topic,https://www.youtube.com/channel/UCwU0te33e8gwkQOtvCLuUJw,1
https://www.youtube.com/channel/UCzTXXdcwBI3DTtG0smKZWhQ,Lynnzee Fraye - Topic,https://www.youtube.com/channel/UCzTXXdcwBI3DTtG0smKZWhQ,1
https://www.youtube.com/channel/UCyI0V6RmULLsRxegMTCmkWQ,sombr - Topic,https://www.youtube.com/channel/UCyI0V6RmULLsRxegMTCmkWQ,1
https://www.youtube.com/channel/UCEOXuRQzbowWwu-kF7z-SPg,StreamBeats Originals - Topic,https://www.youtube.com/channel/UCEOXuRQzbowWwu-kF7z-SPg,1
https://www.youtube.com/channel/UCNmTdjiwLxQmCTHMj8H2x9g,Taylor Thomas - Topic,https://www.youtube.com/channel/UCNmTdjiwLxQmCTHMj8H2x9g,1
https://www.youtube.com/channel/UC-LFRpLJVYLDwVrR7eZS_IA,Trousdale - Topic,https://www.youtube.com/channel/UC-LFRpLJVYLDwVrR7eZS_IA,1
https://www.youtube.com/channel/UCsEbRHFUuN2065qIWPhLrRQ,Matt Maltese - Topic,https://www.youtube.com/channel/UCsEbRHFUuN2065qIWPhLrRQ,1
https://www.youtube.com/channel/UCTzsgY2XEvHNyopHrZ49n8A,The Getaway Plan - Topic,https://www.youtube.com/channel/UCTzsgY2XEvHNyopHrZ49n8A,1
https://www.youtube.com/channel/UCQ5LeozuJptxr3gMO0jZipA,PART-TIME - Topic,https://www.youtube.com/channel/UCQ5LeozuJptxr3gMO0jZipA,1
https://www.youtube.com/channel/UCVidgy-IX7P1kdEWZaJ7-TA,Sleeping At Last - Topic,https://www.youtube.com/channel/UCVidgy-IX7P1kdEWZaJ7-TA,1
https://www.youtube.com/channel/UCmC2CH0MP7Uj1hsDVXuk1mw,ikeah,https://www.youtube.com/channel/UCmC2CH0MP7Uj1hsDVXuk1mw,1
https://www.youtube.com/channel/UCBlmX7OgC3WwaN8TbpyObQA,introvert - Topic,https://www.youtube.com/channel/UCBlmX7OgC3WwaN8TbpyObQA,1
https://www.youtube.com/channel/UCF6UjZL3GHw72gPAvSVM4Kw,Chance Peña - Topic,https://www.youtube.com/channel/UCF6UjZL3GHw72gPAvSVM4Kw,1
https://www.youtube.com/channel/UC785fnTclD2P2WQXRAt2BVg,Beach House - Topic,https://www.youtube.com/channel/UC785fnTclD2P2WQXRAt2BVg,1
https://www.youtube.com/channel/UCcGC5iyQ2p18mjWPaMTWgxg,Stephen Dawes - Topic,https://www.youtube.com/channel/UCcGC5iyQ2p18mjWPaMTWgxg,1
https://www.youtube.com/channel/UCFBJXjCe2KeCTKvtg5gxUXQ,Remix Tendencia - Topic,https://www.youtube.com/channel/UCFBJXjCe2KeCTKvtg5gxUXQ,1
https://www.youtube.com/channel/UCPZwSTQmoMlHRNA8iN0syOA,creamy - Topic,https://www.youtube.com/channel/UCPZwSTQmoMlHRNA8iN0syOA,1
https://www.youtube.com/channel/UCVcSXdEomD3VJBib_3dMsnw,Lali DJ - Topic,https://www.youtube.com/channel/UCVcSXdEomD3VJBib_3dMsnw,1
https://www.youtube.com/channel/UC2JfSGBymglDo-7Q0sGjFxg,moa,https://www.youtube.com/channel/UC2JfSGBymglDo-7Q0sGjFxg,1
https://www.youtube.com/channel/UC7fMBFUTq8CKm4IMMSfIRaQ,Shrey Sinha,https://www.youtube.com/channel/UC7fMBFUTq8CKm4IMMSfIRaQ,1
https://www.youtube.com/channel/UCFHtCB_FWXQ8GpjgfYcD8-g,Passenger,https://www.youtube.com/channel/UCFHtCB_FWXQ8GpjgfYcD8-g,1
https://www.youtube.com/channel/UC8JB-8J7XUfYeIJKvEA1DkA,Raghav Chaitanya,https://www.youtube.com/channel/UC8JB-8J7XUfYeIJKvEA1DkA,2
https://www.youtube.com/channel/UCnJzmFUI3-99tlKit15sxNQ,Open Mic India,https://www.youtube.com/channel/UCnJzmFUI3-99tlKit15sxNQ,1
https://www.youtube.com/channel/UCbPI6xmFQaMH0jlm9aKFOwA,When Chai Met Toast,https://www.youtube.com/channel/UCbPI6xmFQaMH0jlm9aKFOwA,1
https://www.youtube.com/channel/UCH_kN6nStDD6Pc6M8CIGKjQ,LIVE UNPLUGGED,https://www.youtube.com/channel/UCH_kN6nStDD6Pc6M8CIGKjQ,1
https://www.youtube.com/channel/UC3MLnJtqc_phABBriLRhtgQ,SonyMusicIndiaVEVO,https://www.youtube.com/channel/UC3MLnJtqc_phABBriLRhtgQ,1
https://www.youtube.com/channel/UCmpIcZwYmBRc27CeL0lq5zQ,Russ Abbot - Topic,https://www.youtube.com/channel/UCmpIcZwYmBRc27CeL0lq5zQ,1
https://www.youtube.com/channel/UCVFFGa7BG3CZRVCAJpbmAAQ,One national gospel - Topic,https://www.youtube.com/channel/UCVFFGa7BG3CZRVCAJpbmAAQ,1
https://www.youtube.com/channel/UCR83RRXHzXrEQbu_ZQmPMSg,Stevie Wonder - Topic,https://www.youtube.com/channel/UCR83RRXHzXrEQbu_ZQmPMSg,1
https://www.youtube.com/channel/UCLqrxjQhQRxLjO9cR0R47sw,TimmyDzi - Topic,https://www.youtube.com/channel/UCLqrxjQhQRxLjO9cR0R47sw,1
https://www.youtube.com/channel/UCLpyDLYPCmQYxt_kkU1suhg,Mohammed Rafi - Topic,https://www.youtube.com/channel/UCLpyDLYPCmQYxt_kkU1suhg,1
https://www.youtube.com/channel/UCIvHamAnPNk8FZSiZiBmyVA,ASÍS RENOVADOR 45.,https://www.youtube.com/channel/UCIvHamAnPNk8FZSiZiBmyVA,1
https://www.youtube.com/channel/UCwlTBdUwqAptW4-j_d25mRQ,Rob Simonsen - Topic,https://www.youtube.com/channel/UCwlTBdUwqAptW4-j_d25mRQ,2
https://www.youtube.com/channel/UChjlrkXh5BAWOKYxS9zd3rw,Moscow Symphony Orchestra conducted by William Stromberg - Topic,https://www.youtube.com/channel/UChjlrkXh5BAWOKYxS9zd3rw,3
https://www.youtube.com/channel/UChy2dmk9HDDJO36M79D36iA,matogolf,https://www.youtube.com/channel/UChy2dmk9HDDJO36M79D36iA,1
https://www.youtube.com/channel/UCbN48WfBpHTGcj4yxl8Revg,The Chordettes - Topic,https://www.youtube.com/channel/UCbN48WfBpHTGcj4yxl8Revg,2
https://www.youtube.com/channel/UCSVamMPTtDjREdR7ZbA2rAw,Harry Gregson-Williams - Topic,https://www.youtube.com/channel/UCSVamMPTtDjREdR7ZbA2rAw,1
https://www.youtube.com/channel/UCipH5ZQGtfiXiEFXyaFEZTQ,GreekSoundtrackSociety GSS,https://www.youtube.com/channel/UCipH5ZQGtfiXiEFXyaFEZTQ,2
https://www.youtube.com/channel/UCktMPSwcG-tDjMobBPbJmDQ,Antonio Pinto - Topic,https://www.youtube.com/channel/UCktMPSwcG-tDjMobBPbJmDQ,1
https://www.youtube.com/channel/UCNiOJNYs7_RixXFTgxTouaw,Benjamin Britten - Topic,https://www.youtube.com/channel/UCNiOJNYs7_RixXFTgxTouaw,2
https://www.youtube.com/channel/UCIzsJBIyo8hhpFm1NK0uLgw,The Cinematic Orchestra - Topic,https://www.youtube.com/channel/UCIzsJBIyo8hhpFm1NK0uLgw,2
https://www.youtube.com/channel/UCkmCGbrGa7yNrRl_NHrOaTw,Florence + the Machine - Topic,https://www.youtube.com/channel/UCkmCGbrGa7yNrRl_NHrOaTw,1
https://www.youtube.com/channel/UClwAp3EzulSJ9gumRNTtoIQ,arnaud vallet,https://www.youtube.com/channel/UClwAp3EzulSJ9gumRNTtoIQ,1
https://www.youtube.com/channel/UCnWTamvQM-K-oHEyZpgjvwQ,London Philharmonic Orchestra - Topic,https://www.youtube.com/channel/UCnWTamvQM-K-oHEyZpgjvwQ,1
https://www.youtube.com/channel/UCtqZG4LtPa4IlA4JxDUIVtw,TheMoviemaker20101,https://www.youtube.com/channel/UCtqZG4LtPa4IlA4JxDUIVtw,1
https://www.youtube.com/channel/UCkHuaaJVZbjvh2XtaXHbaJw,Piotr Tatar,https://www.youtube.com/channel/UCkHuaaJVZbjvh2XtaXHbaJw,1
https://www.youtube.com/channel/UC1W5uWrqB0AkQmiq5Lmc6FA,Claudio Arrau - Topic,https://www.youtube.com/channel/UC1W5uWrqB0AkQmiq5Lmc6FA,1
https://www.youtube.com/channel/UCnPG4v5NN1kQYxDa3-u6FDA,Simply Great Music,https://www.youtube.com/channel/UCnPG4v5NN1kQYxDa3-u6FDA,1
https://www.youtube.com/channel/UCDZLWQMVJ4LxOzeFbEboRtw,Lollipop,https://www.youtube.com/channel/UCDZLWQMVJ4LxOzeFbEboRtw,1
https://www.youtube.com/channel/UCaGWpRx2piCEHkEnt4fHoGA,Charles Gerhardt - Topic,https://www.youtube.com/channel/UCaGWpRx2piCEHkEnt4fHoGA,1
https://www.youtube.com/channel/UC3-u-k2tsIR-00MDURsREAA,UnclaimedFr8,https://www.youtube.com/channel/UC3-u-k2tsIR-00MDURsREAA,1
https://www.youtube.com/channel/UCempl7qoAv3NqH-CY6RYL-Q,New York Philharmonic - Topic,https://www.youtube.com/channel/UCempl7qoAv3NqH-CY6RYL-Q,1
https://www.youtube.com/channel/UCm3xphaSf_rS1o_6nY058oQ,deliabookworm,https://www.youtube.com/channel/UCm3xphaSf_rS1o_6nY058oQ,1
https://www.youtube.com/channel/UCk4F_LBRmEVa-Ov1iVKmJyw,Riddley313,https://www.youtube.com/channel/UCk4F_LBRmEVa-Ov1iVKmJyw,1
https://www.youtube.com/channel/UCJBS5q6QKyG6NvSZEICaPgg,Bernard Herrmann - Topic,https://www.youtube.com/channel/UCJBS5q6QKyG6NvSZEICaPgg,1
https://www.youtube.com/channel/UCpZ-mzc7Puo1MNaqMPnmyrQ,SoundtracksForLiving,https://www.youtube.com/channel/UCpZ-mzc7Puo1MNaqMPnmyrQ,1
https://www.youtube.com/channel/UC-g12Ju9Uyt5iFObjc8Z_PA,Nathan Johnson - Topic,https://www.youtube.com/channel/UC-g12Ju9Uyt5iFObjc8Z_PA,1
https://www.youtube.com/channel/UC_leINQWymDv2TL3sp8BO_Q,Anton Karas - Topic,https://www.youtube.com/channel/UC_leINQWymDv2TL3sp8BO_Q,1
https://www.youtube.com/channel/UCpkSZTrtyYrxzABJt3R79LA,Anton Karas - Topic,https://www.youtube.com/channel/UCpkSZTrtyYrxzABJt3R79LA,1
https://www.youtube.com/channel/UCkzp_pTsNYAcVUgMywK1asA,Öse Schuppel - Topic,https://www.youtube.com/channel/UCkzp_pTsNYAcVUgMywK1asA,1
https://www.youtube.com/channel/UC9ZUtLfcvtaIci2lNrf1fEQ,Patrick Doyle - Topic,https://www.youtube.com/channel/UC9ZUtLfcvtaIci2lNrf1fEQ,1
https://www.youtube.com/channel/UCW084_r6OKr3YB9OWxydhHw,Berlin Philharmonic Orchestra - Topic,https://www.youtube.com/channel/UCW084_r6OKr3YB9OWxydhHw,1
https://www.youtube.com/channel/UCH5CGPcbfPaKEYxYCQVI_wQ,Georges Delerue - Topic,https://www.youtube.com/channel/UCH5CGPcbfPaKEYxYCQVI_wQ,1
https://www.youtube.com/channel/UCrDkUu5IeYEw-6aCh7p-5MQ,Françoise Hardy - Topic,https://www.youtube.com/channel/UCrDkUu5IeYEw-6aCh7p-5MQ,1
https://www.youtube.com/channel/UCddPyO3i288bFhCe9mzJsqg,Buddy Holly - Topic,https://www.youtube.com/channel/UCddPyO3i288bFhCe9mzJsqg,1
https://www.youtube.com/channel/UC_Z0gBzfztXkHKNN9FBhyzg,London Music Works - Topic,https://www.youtube.com/channel/UC_Z0gBzfztXkHKNN9FBhyzg,1
https://www.youtube.com/channel/UCjk87eFr83Lr7ioGcHgx0Cg,Nico - Topic,https://www.youtube.com/channel/UCjk87eFr83Lr7ioGcHgx0Cg,1
https://www.youtube.com/channel/UC8FwyAxRBXexmzLeuygeL-w,Yuvan - Topic,https://www.youtube.com/channel/UC8FwyAxRBXexmzLeuygeL-w,1
https://www.youtube.com/channel/UCYTjJvb92u-uWPszwiNqfVA,Glamtown - Topic,https://www.youtube.com/channel/UCYTjJvb92u-uWPszwiNqfVA,1
https://www.youtube.com/channel/UCuZaZ5RHfkOKPKQQFr074_A,Kulz - Topic,https://www.youtube.com/channel/UCuZaZ5RHfkOKPKQQFr074_A,1
https://www.youtube.com/channel/UCZM0s_f1gcNQgqFWkLbYUDQ,Tech Panda & Kenzani - Topic,https://www.youtube.com/channel/UCZM0s_f1gcNQgqFWkLbYUDQ,1
https://www.youtube.com/channel/UCtl9CIoeXcx2deVhg3xcSwA,Ilinca Băcilă - Topic,https://www.youtube.com/channel/UCtl9CIoeXcx2deVhg3xcSwA,1
https://www.youtube.com/channel/UCEOHNKstR0HZn2OY40JMl0A,Urban Sound Collective - Topic,https://www.youtube.com/channel/UCEOHNKstR0HZn2OY40JMl0A,1
https://www.youtube.com/channel/UCwf-2lpC-EWHLC7C1Ecay7Q,Locadia - Topic,https://www.youtube.com/channel/UCwf-2lpC-EWHLC7C1Ecay7Q,1
https://www.youtube.com/channel/UCuBeM9KYQsgcpzqAoeMPKow,Radistai Dj's - Topic,https://www.youtube.com/channel/UCuBeM9KYQsgcpzqAoeMPKow,1
https://www.youtube.com/channel/UCT5al_Ja3XfWR-rHjdFLNHg,Cherry Ferrari - Topic,https://www.youtube.com/channel/UCT5al_Ja3XfWR-rHjdFLNHg,1
https://www.youtube.com/channel/UCTCaKX_yUM-e4j4E78SMIuw,Jerry Margarita - Topic,https://www.youtube.com/channel/UCTCaKX_yUM-e4j4E78SMIuw,1
https://www.youtube.com/channel/UCKln2vYhYj4tf8H1QGtuslA,RUUD - Topic,https://www.youtube.com/channel/UCKln2vYhYj4tf8H1QGtuslA,1
https://www.youtube.com/channel/UCEdedoxvis2sd87FYh8Yjlg,The Spacies - Topic,https://www.youtube.com/channel/UCEdedoxvis2sd87FYh8Yjlg,1
https://www.youtube.com/channel/UCn0tuSTd69mqNEWnjowglCA,TechnoDrip - Topic,https://www.youtube.com/channel/UCn0tuSTd69mqNEWnjowglCA,1
https://www.youtube.com/channel/UC82TPvdhltkCjtKBlO74wYQ,Diviners - Topic,https://www.youtube.com/channel/UC82TPvdhltkCjtKBlO74wYQ,1
url_chan,name_chan,url_chan,1
https://www.youtube.com/channel/UCvya0MfnjlClD27qvqyx5tg,Bellah Mae - Topic,https://www.youtube.com/channel/UCvya0MfnjlClD27qvqyx5tg,1
https://www.youtube.com/channel/UCbOCbp5gXL8jigIBZLqMPrw,HarryStylesVEVO,https://www.youtube.com/channel/UCbOCbp5gXL8jigIBZLqMPrw,2
https://www.youtube.com/channel/UC-aNRPh6FrJuJ3J_NBr9cBQ,Abhay Deol - Topic,https://www.youtube.com/channel/UC-aNRPh6FrJuJ3J_NBr9cBQ,2
https://www.youtube.com/channel/UCdeAxyuhCecTcTodB98ojdQ,Restless Road - Topic,https://www.youtube.com/channel/UCdeAxyuhCecTcTodB98ojdQ,1
https://www.youtube.com/channel/UC82bihqZUMSIrwf5ghKobYw,Haley Mae Campbell - Topic,https://www.youtube.com/channel/UC82bihqZUMSIrwf5ghKobYw,1
https://www.youtube.com/channel/UCsaXTlOmt0o9aGeC_n_r8VQ,RUN-UP RECORDS,https://www.youtube.com/channel/UCsaXTlOmt0o9aGeC_n_r8VQ,2
https://www.youtube.com/channel/UCUZAMvGKRJeNsre3oZzxW_g,RID3R,https://www.youtube.com/channel/UCUZAMvGKRJeNsre3oZzxW_g,1
https://www.youtube.com/channel/UCZi46lT2qWLgHT5xbgnFghQ,Vin-G & Fresh,https://www.youtube.com/channel/UCZi46lT2qWLgHT5xbgnFghQ,1
https://www.youtube.com/channel/UCBbehdq68NSoAUDC_7BC5Wg,Tainy,https://www.youtube.com/channel/UCBbehdq68NSoAUDC_7BC5Wg,1
https://www.youtube.com/channel/UCkscOqIAJYo1vKJFW-Apiwg,SCARR,https://www.youtube.com/channel/UCkscOqIAJYo1vKJFW-Apiwg,1
https://www.youtube.com/channel/UCewyFby3pwB31EPE1PpCT1Q,MITRAZ,https://www.youtube.com/channel/UCewyFby3pwB31EPE1PpCT1Q,1
https://www.youtube.com/channel/UCpO0OSNAFLRUpGrNz-bJJHA,ElectroPosé,https://www.youtube.com/channel/UCpO0OSNAFLRUpGrNz-bJJHA,1
https://www.youtube.com/channel/UC4sbsdwqUro0wVFEcnzMjcw,TATAR,https://www.youtube.com/channel/UC4sbsdwqUro0wVFEcnzMjcw,1
https://www.youtube.com/channel/UCAokMjlDu6-n32hFSorPrRw,SOFCO music,https://www.youtube.com/channel/UCAokMjlDu6-n32hFSorPrRw,1
https://www.youtube.com/channel/UCoM-FnsMBfKLL2RFlIxv-ew,ZiG,https://www.youtube.com/channel/UCoM-FnsMBfKLL2RFlIxv-ew,1
https://www.youtube.com/channel/UC3XBkDeCVXCoCofFgfUZXGw,Karan Aujla,https://www.youtube.com/channel/UC3XBkDeCVXCoCofFgfUZXGw,1
https://www.youtube.com/channel/UCmkWj7Sft1lt1VHX43BbAfA,Jasleen Royal,https://www.youtube.com/channel/UCmkWj7Sft1lt1VHX43BbAfA,1
https://www.youtube.com/channel/UCR5BwOS3Gb4uQtxRYRUQ7ng,LouisTomlinsonVEVO,https://www.youtube.com/channel/UCR5BwOS3Gb4uQtxRYRUQ7ng,1
https://www.youtube.com/channel/UC3Tod7_s2yD25gGvaqp77hA,Akhil Sachdeva - Topic,https://www.youtube.com/channel/UC3Tod7_s2yD25gGvaqp77hA,1
